1,Amazon,4/25/2014,303.83
2,Amazon,4/28/2014,296.579987
3,Amazon,4/29/2014,300.380005
4,Amazon,4/30/2014,304.130005
5,Amazon,5/1/2014,307.890015
6,Amazon,5/2/2014,308.01001
7,Amazon,5/5/2014,310.049988
8,Amazon,5/6/2014,297.380005
9,Amazon,5/7/2014,292.709991
10,Amazon,5/8/2014,288.320007
11,Amazon,5/9/2014,292.23999
12,Amazon,5/12/2014,302.859985
13,Amazon,5/13/2014,304.640015
14,Amazon,5/14/2014,297.619995
15,Amazon,5/15/2014,295.190002
16,Amazon,5/16/2014,297.700012
17,Amazon,5/19/2014,296.76001
18,Amazon,5/20/2014,301.190002
19,Amazon,5/21/2014,305.01001
20,Amazon,5/22/2014,304.910004
21,Amazon,5/23/2014,312.23999
22,Amazon,5/27/2014,310.820007
23,Amazon,5/28/2014,310.160004
24,Amazon,5/29/2014,313.779999
25,Amazon,5/30/2014,312.549988
26,Amazon,6/2/2014,308.839996
27,Amazon,6/3/2014,307.190002
28,Amazon,6/4/2014,306.779999
29,Amazon,6/5/2014,323.570007
30,Amazon,6/6/2014,329.670013
31,Amazon,6/9/2014,327.5
32,Amazon,6/10/2014,332.410004
33,Amazon,6/11/2014,335.200012
34,Amazon,6/12/2014,325.910004
35,Amazon,6/13/2014,326.269989
36,Amazon,6/16/2014,327.619995
37,Amazon,6/17/2014,325.619995
38,Amazon,6/18/2014,334.380005
39,Amazon,6/19/2014,327
40,Amazon,6/20/2014,324.200012
41,Amazon,6/23/2014,327.23999
42,Amazon,6/24/2014,324.160004
43,Amazon,6/25/2014,327.440002
44,Amazon,6/26/2014,325.690002
45,Amazon,6/27/2014,324.570007
46,Amazon,6/30/2014,324.779999
47,Amazon,7/1/2014,332.390015
48,Amazon,7/2/2014,332.850006
49,Amazon,7/3/2014,337.48999
50,Amazon,7/7/2014,333.549988
51,Amazon,7/8/2014,323.809998
52,Amazon,7/9/2014,329.970001
53,Amazon,7/10/2014,327.920013
54,Amazon,7/11/2014,346.200012
55,Amazon,7/14/2014,355.320007
56,Amazon,7/15/2014,354.440002
57,Amazon,7/16/2014,355.899994
58,Amazon,7/17/2014,352.450012
59,Amazon,7/18/2014,358.660004
60,Amazon,7/21/2014,359.76001
61,Amazon,7/22/2014,360.839996
62,Amazon,7/23/2014,358.140015
63,Amazon,7/24/2014,358.609985
64,Amazon,7/25/2014,324.01001
65,Amazon,7/28/2014,320.410004
66,Amazon,7/29/2014,320
67,Amazon,7/30/2014,322.51001
68,Amazon,7/31/2014,312.98999
69,Amazon,8/1/2014,307.059998
70,Amazon,8/4/2014,313.649994
71,Amazon,8/5/2014,312.320007
72,Amazon,8/6/2014,313.890015
73,Amazon,8/7/2014,311.450012
74,Amazon,8/8/2014,316.799988
75,Amazon,8/11/2014,318.329987
76,Amazon,8/12/2014,319.320007
77,Amazon,8/13/2014,326.279999
78,Amazon,8/14/2014,333.209991
79,Amazon,8/15/2014,333.630005
80,Amazon,8/18/2014,334.529999
81,Amazon,8/19/2014,335.130005
82,Amazon,8/20/2014,335.779999
83,Amazon,8/21/2014,332.910004
84,Amazon,8/22/2014,331.589996
85,Amazon,8/25/2014,334.019989
86,Amazon,8/26/2014,341.829987
87,Amazon,8/27/2014,343.179993
88,Amazon,8/28/2014,340.019989
89,Amazon,8/29/2014,339.040009
90,Amazon,9/2/2014,342.380005
91,Amazon,9/3/2014,339
92,Amazon,9/4/2014,345.950012
93,Amazon,9/5/2014,346.380005
94,Amazon,9/8/2014,342.339996
95,Amazon,9/9/2014,329.75
96,Amazon,9/10/2014,331.329987
97,Amazon,9/11/2014,330.519989
98,Amazon,9/12/2014,331.190002
99,Amazon,9/15/2014,323.890015
100,Amazon,9/16/2014,327.76001
101,Amazon,9/17/2014,324
102,Amazon,9/18/2014,325
103,Amazon,9/19/2014,331.320007
104,Amazon,9/22/2014,324.5
105,Amazon,9/23/2014,323.630005
106,Amazon,9/24/2014,328.209991
107,Amazon,9/25/2014,321.929993
108,Amazon,9/26/2014,323.209991
109,Amazon,9/29/2014,321.820007
110,Amazon,9/30/2014,322.440002
111,Amazon,10/1/2014,317.459991
112,Amazon,10/2/2014,318.410004
113,Amazon,10/3/2014,322.73999
114,Amazon,10/6/2014,322.200012
115,Amazon,10/7/2014,316.980011
116,Amazon,10/8/2014,322.700012
117,Amazon,10/9/2014,315.369995
118,Amazon,10/10/2014,311.390015
119,Amazon,10/13/2014,306.450012
120,Amazon,10/14/2014,308.309998
121,Amazon,10/15/2014,305.970001
122,Amazon,10/16/2014,302.859985
123,Amazon,10/17/2014,303.640015
124,Amazon,10/20/2014,306.209991
125,Amazon,10/21/2014,315.329987
126,Amazon,10/22/2014,312.970001
127,Amazon,10/23/2014,313.179993
128,Amazon,10/24/2014,287.059998
129,Amazon,10/27/2014,289.970001
130,Amazon,10/28/2014,295.589996
131,Amazon,10/29/2014,294.119995
132,Amazon,10/30/2014,299.070007
133,Amazon,10/31/2014,305.459991
134,Amazon,11/3/2014,305.720001
135,Amazon,11/4/2014,302.809998
136,Amazon,11/5/2014,296.519989
137,Amazon,11/6/2014,296.640015
138,Amazon,11/7/2014,299.859985
139,Amazon,11/10/2014,305.109985
140,Amazon,11/11/2014,312.01001
141,Amazon,11/12/2014,311.51001
142,Amazon,11/13/2014,316.480011
143,Amazon,11/14/2014,327.820007
144,Amazon,11/17/2014,323.049988
145,Amazon,11/18/2014,324.929993
146,Amazon,11/19/2014,326.540009
147,Amazon,11/20/2014,330.540009
148,Amazon,11/21/2014,332.630005
149,Amazon,11/24/2014,335.640015
150,Amazon,11/25/2014,335.040009
151,Amazon,11/26/2014,333.570007
152,Amazon,11/28/2014,338.640015
153,Amazon,12/1/2014,326
154,Amazon,12/2/2014,326.309998
155,Amazon,12/3/2014,316.5
156,Amazon,12/4/2014,316.929993
157,Amazon,12/5/2014,312.630005
158,Amazon,12/8/2014,306.640015
159,Amazon,12/9/2014,312.5
160,Amazon,12/10/2014,305.839996
161,Amazon,12/11/2014,307.359985
162,Amazon,12/12/2014,307.320007
163,Amazon,12/15/2014,306.070007
164,Amazon,12/16/2014,295.059998
165,Amazon,12/17/2014,298.880005
166,Amazon,12/18/2014,297.730011
167,Amazon,12/19/2014,299.899994
168,Amazon,12/22/2014,306.540009
169,Amazon,12/23/2014,306.290009
170,Amazon,12/24/2014,303.029999
171,Amazon,12/26/2014,309.089996
172,Amazon,12/29/2014,312.040009
173,Amazon,12/30/2014,310.299988
174,Amazon,12/31/2014,310.350006
175,Amazon,1/2/2015,308.519989
176,Amazon,1/5/2015,302.190002
177,Amazon,1/6/2015,295.290009
178,Amazon,1/7/2015,298.420013
179,Amazon,1/8/2015,300.459991
180,Amazon,1/9/2015,296.929993
181,Amazon,1/12/2015,291.410004
182,Amazon,1/13/2015,294.73999
183,Amazon,1/14/2015,293.269989
184,Amazon,1/15/2015,286.950012
185,Amazon,1/16/2015,290.73999
186,Amazon,1/20/2015,289.440002
187,Amazon,1/21/2015,297.25
188,Amazon,1/22/2015,310.320007
189,Amazon,1/23/2015,312.390015
190,Amazon,1/26/2015,309.660004
191,Amazon,1/27/2015,306.75
192,Amazon,1/28/2015,303.910004
193,Amazon,1/29/2015,311.779999
194,Amazon,1/30/2015,354.529999
195,Amazon,2/2/2015,364.470001
196,Amazon,2/3/2015,363.549988
197,Amazon,2/4/2015,364.75
198,Amazon,2/5/2015,373.890015
199,Amazon,2/6/2015,374.279999
200,Amazon,2/9/2015,370.559998
201,Amazon,2/10/2015,373
202,Amazon,2/11/2015,375.140015
203,Amazon,2/12/2015,377.170013
204,Amazon,2/13/2015,381.829987
205,Amazon,2/17/2015,375.429993
206,Amazon,2/18/2015,373.369995
207,Amazon,2/19/2015,379
208,Amazon,2/20/2015,383.660004
209,Amazon,2/23/2015,380.140015
210,Amazon,2/24/2015,378.589996
211,Amazon,2/25/2015,385.369995
212,Amazon,2/26/2015,384.799988
213,Amazon,2/27/2015,380.160004
214,Amazon,3/2/2015,385.660004
215,Amazon,3/3/2015,384.609985
216,Amazon,3/4/2015,382.720001
217,Amazon,3/5/2015,387.829987
218,Amazon,3/6/2015,380.089996
219,Amazon,3/9/2015,378.559998
220,Amazon,3/10/2015,369.51001
221,Amazon,3/11/2015,366.369995
222,Amazon,3/12/2015,374.23999
223,Amazon,3/13/2015,370.579987
224,Amazon,3/16/2015,373.350006
225,Amazon,3/17/2015,371.920013
226,Amazon,3/18/2015,375.140015
227,Amazon,3/19/2015,373.23999
228,Amazon,3/20/2015,378.48999
229,Amazon,3/23/2015,375.109985
230,Amazon,3/24/2015,374.089996
231,Amazon,3/25/2015,370.959991
232,Amazon,3/26/2015,367.350006
233,Amazon,3/27/2015,370.559998
234,Amazon,3/30/2015,374.589996
235,Amazon,3/31/2015,372.100006
236,Amazon,4/1/2015,370.26001
237,Amazon,4/2/2015,372.25
238,Amazon,4/6/2015,377.040009
239,Amazon,4/7/2015,374.410004
240,Amazon,4/8/2015,381.200012
241,Amazon,4/9/2015,383.540009
242,Amazon,4/10/2015,382.649994
243,Amazon,4/13/2015,382.359985
244,Amazon,4/14/2015,385.109985
245,Amazon,4/15/2015,383.450012
246,Amazon,4/16/2015,386.040009
247,Amazon,4/17/2015,375.559998
248,Amazon,4/20/2015,389.51001
249,Amazon,4/21/2015,391.179993
250,Amazon,4/22/2015,389.799988
251,Amazon,4/23/2015,389.98999
252,Amazon,4/24/2015,445.100006
253,Amazon,4/27/2015,438.559998
254,Amazon,4/28/2015,429.309998
255,Amazon,4/29/2015,429.369995
256,Amazon,4/30/2015,421.779999
257,Amazon,5/1/2015,422.869995
258,Amazon,5/4/2015,423.040009
259,Amazon,5/5/2015,421.190002
260,Amazon,5/6/2015,419.100006
261,Amazon,5/7/2015,426.880005
262,Amazon,5/8/2015,433.690002
263,Amazon,5/11/2015,432.850006
264,Amazon,5/12/2015,431.019989
265,Amazon,5/13/2015,426.869995
266,Amazon,5/14/2015,432.279999
267,Amazon,5/15/2015,426
268,Amazon,5/18/2015,425.23999
269,Amazon,5/19/2015,421.709991
270,Amazon,5/20/2015,423.859985
271,Amazon,5/21/2015,431.630005
272,Amazon,5/22/2015,427.630005
273,Amazon,5/26/2015,425.470001
274,Amazon,5/27/2015,431.420013
275,Amazon,5/28/2015,426.570007
276,Amazon,5/29/2015,429.230011
277,Amazon,6/1/2015,430.920013
278,Amazon,6/2/2015,430.98999
279,Amazon,6/3/2015,436.589996
280,Amazon,6/4/2015,430.779999
281,Amazon,6/5/2015,426.950012
282,Amazon,6/8/2015,423.5
283,Amazon,6/9/2015,425.480011
284,Amazon,6/10/2015,430.769989
285,Amazon,6/11/2015,432.970001
286,Amazon,6/12/2015,429.920013
287,Amazon,6/15/2015,423.670013
288,Amazon,6/16/2015,427.26001
289,Amazon,6/17/2015,427.809998
290,Amazon,6/18/2015,439.390015
291,Amazon,6/19/2015,434.920013
292,Amazon,6/22/2015,436.290009
293,Amazon,6/23/2015,445.98999
294,Amazon,6/24/2015,440.839996
295,Amazon,6/25/2015,440.100006
296,Amazon,6/26/2015,438.100006
297,Amazon,6/29/2015,429.859985
298,Amazon,6/30/2015,434.089996
299,Amazon,7/1/2015,437.390015
300,Amazon,7/2/2015,437.709991
301,Amazon,7/6/2015,436.040009
302,Amazon,7/7/2015,436.720001
303,Amazon,7/8/2015,429.700012
304,Amazon,7/9/2015,434.390015
305,Amazon,7/10/2015,443.51001
306,Amazon,7/13/2015,455.570007
307,Amazon,7/14/2015,465.570007
308,Amazon,7/15/2015,461.190002
309,Amazon,7/16/2015,475.480011
310,Amazon,7/17/2015,483.01001
311,Amazon,7/20/2015,488.100006
312,Amazon,7/21/2015,488
313,Amazon,7/22/2015,488.269989
314,Amazon,7/23/2015,482.179993
315,Amazon,7/24/2015,529.419983
316,Amazon,7/27/2015,531.409973
317,Amazon,7/28/2015,526.030029
318,Amazon,7/29/2015,529
319,Amazon,7/30/2015,536.76001
320,Amazon,7/31/2015,536.150024
321,Amazon,8/3/2015,535.030029
322,Amazon,8/4/2015,531.900024
323,Amazon,8/5/2015,537.01001
324,Amazon,8/6/2015,529.460022
325,Amazon,8/7/2015,522.619995
326,Amazon,8/10/2015,524
327,Amazon,8/11/2015,527.460022
328,Amazon,8/12/2015,525.909973
329,Amazon,8/13/2015,529.659973
330,Amazon,8/14/2015,531.52002
331,Amazon,8/17/2015,535.219971
332,Amazon,8/18/2015,535.02002
333,Amazon,8/19/2015,532.919983
334,Amazon,8/20/2015,515.780029
335,Amazon,8/21/2015,494.470001
336,Amazon,8/24/2015,463.369995
337,Amazon,8/25/2015,466.369995
338,Amazon,8/26/2015,500.769989
339,Amazon,8/27/2015,518.369995
340,Amazon,8/28/2015,518.01001
341,Amazon,8/31/2015,512.890015
342,Amazon,9/1/2015,496.540009
343,Amazon,9/2/2015,510.549988
344,Amazon,9/3/2015,504.720001
345,Amazon,9/4/2015,499
346,Amazon,9/8/2015,517.539978
347,Amazon,9/9/2015,516.890015
348,Amazon,9/10/2015,522.23999
349,Amazon,9/11/2015,529.440002
350,Amazon,9/14/2015,521.380005
351,Amazon,9/15/2015,522.369995
352,Amazon,9/16/2015,527.390015
353,Amazon,9/17/2015,538.869995
354,Amazon,9/18/2015,540.26001
355,Amazon,9/21/2015,548.390015
356,Amazon,9/22/2015,538.400024
357,Amazon,9/23/2015,536.070007
358,Amazon,9/24/2015,533.75
359,Amazon,9/25/2015,524.25
360,Amazon,9/28/2015,504.059998
361,Amazon,9/29/2015,496.070007
362,Amazon,9/30/2015,511.890015
363,Amazon,10/1/2015,520.719971
364,Amazon,10/2/2015,532.539978
365,Amazon,10/5/2015,543.679993
366,Amazon,10/6/2015,537.47998
367,Amazon,10/7/2015,541.940002
368,Amazon,10/8/2015,533.159973
369,Amazon,10/9/2015,539.799988
370,Amazon,10/12/2015,550.190002
371,Amazon,10/13/2015,548.900024
372,Amazon,10/14/2015,544.830017
373,Amazon,10/15/2015,562.440002
374,Amazon,10/16/2015,570.76001
375,Amazon,10/19/2015,573.150024
376,Amazon,10/20/2015,560.880005
377,Amazon,10/21/2015,555.77002
378,Amazon,10/22/2015,563.909973
379,Amazon,10/23/2015,599.030029
380,Amazon,10/26/2015,608.609985
381,Amazon,10/27/2015,611.01001
382,Amazon,10/28/2015,617.099976
383,Amazon,10/29/2015,626.549988
384,Amazon,10/30/2015,625.900024
385,Amazon,11/2/2015,628.349976
386,Amazon,11/3/2015,625.309998
387,Amazon,11/4/2015,640.950012
388,Amazon,11/5/2015,655.650024
389,Amazon,11/6/2015,659.369995
390,Amazon,11/9/2015,655.48999
391,Amazon,11/10/2015,659.679993
392,Amazon,11/11/2015,673.25
393,Amazon,11/12/2015,665.599976
394,Amazon,11/13/2015,642.349976
395,Amazon,11/16/2015,647.809998
396,Amazon,11/17/2015,643.299988
397,Amazon,11/18/2015,663.539978
398,Amazon,11/19/2015,661.27002
399,Amazon,11/20/2015,668.450012
400,Amazon,11/23/2015,678.98999
401,Amazon,11/24/2015,671.150024
402,Amazon,11/25/2015,675.340027
403,Amazon,11/27/2015,673.26001
404,Amazon,11/30/2015,664.799988
405,Amazon,12/1/2015,679.059998
406,Amazon,12/2/2015,676.01001
407,Amazon,12/3/2015,666.25
408,Amazon,12/4/2015,672.640015
409,Amazon,12/7/2015,669.830017
410,Amazon,12/8/2015,677.330017
411,Amazon,12/9/2015,664.789978
412,Amazon,12/10/2015,662.320007
413,Amazon,12/11/2015,640.150024
414,Amazon,12/14/2015,657.909973
415,Amazon,12/15/2015,658.640015
416,Amazon,12/16/2015,675.77002
417,Amazon,12/17/2015,670.650024
418,Amazon,12/18/2015,664.140015
419,Amazon,12/21/2015,664.51001
420,Amazon,12/22/2015,663.150024
421,Amazon,12/23/2015,663.700012
422,Amazon,12/24/2015,662.789978
423,Amazon,12/28/2015,675.200012
424,Amazon,12/29/2015,693.969971
425,Amazon,12/30/2015,689.070007
426,Amazon,12/31/2015,675.890015
427,Amazon,1/4/2016,636.98999
428,Amazon,1/5/2016,633.789978
429,Amazon,1/6/2016,632.650024
430,Amazon,1/7/2016,607.940002
431,Amazon,1/8/2016,607.049988
432,Amazon,1/11/2016,617.73999
433,Amazon,1/12/2016,617.890015
434,Amazon,1/13/2016,581.809998
435,Amazon,1/14/2016,593
436,Amazon,1/15/2016,570.179993
437,Amazon,1/19/2016,574.47998
438,Amazon,1/20/2016,571.77002
439,Amazon,1/21/2016,575.02002
440,Amazon,1/22/2016,596.380005
441,Amazon,1/25/2016,596.530029
442,Amazon,1/26/2016,601.25
443,Amazon,1/27/2016,583.349976
444,Amazon,1/28/2016,635.349976
445,Amazon,1/29/2016,587
446,Amazon,2/1/2016,574.809998
447,Amazon,2/2/2016,552.099976
448,Amazon,2/3/2016,531.070007
449,Amazon,2/4/2016,536.26001
450,Amazon,2/5/2016,502.130005
451,Amazon,2/8/2016,488.100006
452,Amazon,2/9/2016,482.070007
453,Amazon,2/10/2016,490.480011
454,Amazon,2/11/2016,503.820007
455,Amazon,2/12/2016,507.079987
456,Amazon,2/16/2016,521.099976
457,Amazon,2/17/2016,534.099976
458,Amazon,2/18/2016,525
459,Amazon,2/19/2016,534.900024
460,Amazon,2/22/2016,559.5
461,Amazon,2/23/2016,552.940002
462,Amazon,2/24/2016,554.039978
463,Amazon,2/25/2016,555.150024
464,Amazon,2/26/2016,555.22998
465,Amazon,2/29/2016,552.52002
466,Amazon,3/1/2016,579.039978
467,Amazon,3/2/2016,580.210022
468,Amazon,3/3/2016,577.48999
469,Amazon,3/4/2016,575.140015
470,Amazon,3/7/2016,562.799988
471,Amazon,3/8/2016,560.26001
472,Amazon,3/9/2016,559.469971
473,Amazon,3/10/2016,558.929993
474,Amazon,3/11/2016,569.609985
475,Amazon,3/14/2016,573.369995
476,Amazon,3/15/2016,577.02002
477,Amazon,3/16/2016,574.27002
478,Amazon,3/17/2016,559.440002
479,Amazon,3/18/2016,552.080017
480,Amazon,3/21/2016,553.97998
481,Amazon,3/22/2016,560.47998
482,Amazon,3/23/2016,569.630005
483,Amazon,3/24/2016,582.950012
484,Amazon,3/28/2016,579.869995
485,Amazon,3/29/2016,593.859985
486,Amazon,3/30/2016,598.690002
487,Amazon,3/31/2016,593.640015
488,Amazon,4/1/2016,598.5
489,Amazon,4/4/2016,593.190002
490,Amazon,4/5/2016,586.140015
491,Amazon,4/6/2016,602.080017
492,Amazon,4/7/2016,591.429993
493,Amazon,4/8/2016,594.599976
494,Amazon,4/11/2016,595.929993
495,Amazon,4/12/2016,603.169983
496,Amazon,4/13/2016,614.820007
497,Amazon,4/14/2016,620.75
498,Amazon,4/15/2016,625.890015
499,Amazon,4/18/2016,635.349976
500,Amazon,4/19/2016,627.900024
501,Amazon,4/20/2016,632.98999
502,Amazon,4/21/2016,631
503,Amazon,4/22/2016,620.5
504,Amazon,4/25/2016,626.200012
505,Amazon,4/26/2016,616.880005
506,Amazon,4/27/2016,606.570007
507,Amazon,4/28/2016,602
508,Amazon,4/29/2016,659.590027
509,Amazon,5/2/2016,683.849976
510,Amazon,5/3/2016,671.320007
511,Amazon,5/4/2016,670.900024
512,Amazon,5/5/2016,659.090027
513,Amazon,5/6/2016,673.950012
514,Amazon,5/9/2016,679.75
515,Amazon,5/10/2016,703.070007
516,Amazon,5/11/2016,713.22998
517,Amazon,5/12/2016,717.929993
518,Amazon,5/13/2016,709.919983
519,Amazon,5/16/2016,710.659973
520,Amazon,5/17/2016,695.27002
521,Amazon,5/18/2016,697.450012
522,Amazon,5/19/2016,698.52002
523,Amazon,5/20/2016,702.799988
524,Amazon,5/23/2016,696.75
525,Amazon,5/24/2016,704.200012
526,Amazon,5/25/2016,708.349976
527,Amazon,5/26/2016,714.909973
528,Amazon,5/27/2016,712.23999
529,Amazon,5/31/2016,722.789978
530,Amazon,6/1/2016,719.440002
531,Amazon,6/2/2016,728.23999
532,Amazon,6/3/2016,725.539978
533,Amazon,6/6/2016,726.72998
534,Amazon,6/7/2016,723.73999
535,Amazon,6/8/2016,726.640015
536,Amazon,6/9/2016,727.650024
537,Amazon,6/10/2016,717.909973
538,Amazon,6/13/2016,715.23999
539,Amazon,6/14/2016,719.299988
540,Amazon,6/15/2016,714.26001
541,Amazon,6/16/2016,717.51001
542,Amazon,6/17/2016,706.390015
543,Amazon,6/20/2016,714.01001
544,Amazon,6/21/2016,715.820007
545,Amazon,6/22/2016,710.599976
546,Amazon,6/23/2016,722.080017
547,Amazon,6/24/2016,698.960022
548,Amazon,6/27/2016,691.359985
549,Amazon,6/28/2016,707.950012
550,Amazon,6/29/2016,715.599976
551,Amazon,6/30/2016,715.619995
552,Amazon,7/1/2016,725.679993
553,Amazon,7/5/2016,728.099976
554,Amazon,7/6/2016,737.609985
555,Amazon,7/7/2016,736.570007
556,Amazon,7/8/2016,745.809998
557,Amazon,7/11/2016,753.780029
558,Amazon,7/12/2016,748.210022
559,Amazon,7/13/2016,742.630005
560,Amazon,7/14/2016,741.200012
561,Amazon,7/15/2016,735.440002
562,Amazon,7/18/2016,736.070007
563,Amazon,7/19/2016,739.950012
564,Amazon,7/20/2016,745.719971
565,Amazon,7/21/2016,744.429993
566,Amazon,7/22/2016,744.859985
567,Amazon,7/25/2016,739.609985
568,Amazon,7/26/2016,735.590027
569,Amazon,7/27/2016,736.669983
570,Amazon,7/28/2016,752.609985
571,Amazon,7/29/2016,758.809998
572,Amazon,8/1/2016,767.73999
573,Amazon,8/2/2016,760.580017
574,Amazon,8/3/2016,754.640015
575,Amazon,8/4/2016,760.77002
576,Amazon,8/5/2016,765.97998
577,Amazon,8/8/2016,766.559998
578,Amazon,8/9/2016,768.309998
579,Amazon,8/10/2016,768.559998
580,Amazon,8/11/2016,771.23999
581,Amazon,8/12/2016,772.559998
582,Amazon,8/15/2016,768.48999
583,Amazon,8/16/2016,764.039978
584,Amazon,8/17/2016,764.630005
585,Amazon,8/18/2016,764.460022
586,Amazon,8/19/2016,757.309998
587,Amazon,8/22/2016,759.47998
588,Amazon,8/23/2016,762.450012
589,Amazon,8/24/2016,757.25
590,Amazon,8/25/2016,759.219971
591,Amazon,8/26/2016,769
592,Amazon,8/29/2016,771.289978
593,Amazon,8/30/2016,767.580017
594,Amazon,8/31/2016,769.159973
595,Amazon,9/1/2016,770.619995
596,Amazon,9/2/2016,772.440002
597,Amazon,9/6/2016,788.869995
598,Amazon,9/7/2016,784.47998
599,Amazon,9/8/2016,784.059998
600,Amazon,9/9/2016,760.140015
601,Amazon,9/12/2016,771.48999
602,Amazon,9/13/2016,761.01001
603,Amazon,9/14/2016,761.090027
604,Amazon,9/15/2016,769.690002
605,Amazon,9/16/2016,778.52002
606,Amazon,9/19/2016,775.099976
607,Amazon,9/20/2016,780.219971
608,Amazon,9/21/2016,789.73999
609,Amazon,9/22/2016,804.700012
610,Amazon,9/23/2016,805.75
611,Amazon,9/26/2016,799.159973
612,Amazon,9/27/2016,816.109985
613,Amazon,9/28/2016,828.719971
614,Amazon,9/29/2016,829.049988
615,Amazon,9/30/2016,837.309998
616,Amazon,10/3/2016,836.73999
617,Amazon,10/4/2016,834.030029
618,Amazon,10/5/2016,844.359985
619,Amazon,10/6/2016,841.659973
620,Amazon,10/7/2016,839.429993
621,Amazon,10/10/2016,841.710022
622,Amazon,10/11/2016,831
623,Amazon,10/12/2016,834.090027
624,Amazon,10/13/2016,829.280029
625,Amazon,10/14/2016,822.960022
626,Amazon,10/17/2016,812.950012
627,Amazon,10/18/2016,817.650024
628,Amazon,10/19/2016,817.690002
629,Amazon,10/20/2016,810.320007
630,Amazon,10/21/2016,818.98999
631,Amazon,10/24/2016,838.090027
632,Amazon,10/25/2016,835.179993
633,Amazon,10/26/2016,822.590027
634,Amazon,10/27/2016,818.359985
635,Amazon,10/28/2016,776.320007
636,Amazon,10/31/2016,789.820007
637,Amazon,11/1/2016,785.409973
638,Amazon,11/2/2016,765.559998
639,Amazon,11/3/2016,767.030029
640,Amazon,11/4/2016,755.049988
641,Amazon,11/7/2016,784.929993
642,Amazon,11/8/2016,787.75
643,Amazon,11/9/2016,771.880005
644,Amazon,11/10/2016,742.380005
645,Amazon,11/11/2016,739.01001
646,Amazon,11/14/2016,719.070007
647,Amazon,11/15/2016,743.23999
648,Amazon,11/16/2016,746.48999
649,Amazon,11/17/2016,756.400024
650,Amazon,11/18/2016,760.159973
651,Amazon,11/21/2016,780
652,Amazon,11/22/2016,785.330017
653,Amazon,11/23/2016,780.119995
654,Amazon,11/25/2016,780.369995
655,Amazon,11/28/2016,766.77002
656,Amazon,11/29/2016,762.52002
657,Amazon,11/30/2016,750.570007
658,Amazon,12/1/2016,743.650024
659,Amazon,12/2/2016,740.340027
660,Amazon,12/5/2016,759.359985
661,Amazon,12/6/2016,764.719971
662,Amazon,12/7/2016,770.419983
663,Amazon,12/8/2016,767.330017
664,Amazon,12/9/2016,768.659973
665,Amazon,12/12/2016,760.119995
666,Amazon,12/13/2016,774.340027
667,Amazon,12/14/2016,768.820007
668,Amazon,12/15/2016,761
669,Amazon,12/16/2016,757.77002
670,Amazon,12/19/2016,766
671,Amazon,12/20/2016,771.219971
672,Amazon,12/21/2016,770.599976
673,Amazon,12/22/2016,766.340027
674,Amazon,12/23/2016,760.590027
675,Amazon,12/27/2016,771.400024
676,Amazon,12/28/2016,772.130005
677,Amazon,12/29/2016,765.150024
678,Amazon,12/30/2016,749.869995
679,Amazon,1/3/2017,753.669983
680,Amazon,1/4/2017,757.179993
681,Amazon,1/5/2017,780.450012
682,Amazon,1/6/2017,795.98999
683,Amazon,1/9/2017,796.919983
684,Amazon,1/10/2017,795.900024
685,Amazon,1/11/2017,799.02002
686,Amazon,1/12/2017,813.640015
687,Amazon,1/13/2017,817.140015
688,Amazon,1/17/2017,809.719971
689,Amazon,1/18/2017,807.47998
690,Amazon,1/19/2017,809.039978
691,Amazon,1/20/2017,808.330017
692,Amazon,1/23/2017,817.880005
693,Amazon,1/24/2017,822.440002
694,Amazon,1/25/2017,836.52002
695,Amazon,1/26/2017,839.150024
696,Amazon,1/27/2017,835.77002
697,Amazon,1/30/2017,830.380005
698,Amazon,1/31/2017,823.47998
699,Amazon,2/1/2017,832.349976
700,Amazon,2/2/2017,839.950012
701,Amazon,2/3/2017,810.200012
702,Amazon,2/6/2017,807.640015
703,Amazon,2/7/2017,812.5
704,Amazon,2/8/2017,819.710022
705,Amazon,2/9/2017,821.359985
706,Amazon,2/10/2017,827.460022
707,Amazon,2/13/2017,836.530029
708,Amazon,2/14/2017,836.390015
709,Amazon,2/15/2017,842.700012
710,Amazon,2/16/2017,844.140015
711,Amazon,2/17/2017,845.070007
712,Amazon,2/21/2017,856.440002
713,Amazon,2/22/2017,855.609985
714,Amazon,2/23/2017,852.190002
715,Amazon,2/24/2017,845.23999
716,Amazon,2/27/2017,848.640015
717,Amazon,2/28/2017,845.039978
718,Amazon,3/1/2017,853.080017
719,Amazon,3/2/2017,848.909973
720,Amazon,3/3/2017,849.880005
721,Amazon,3/6/2017,846.609985
722,Amazon,3/7/2017,846.02002
723,Amazon,3/8/2017,850.5
724,Amazon,3/9/2017,853
725,Amazon,3/10/2017,852.460022
726,Amazon,3/13/2017,854.590027
727,Amazon,3/14/2017,852.530029
728,Amazon,3/15/2017,852.969971
729,Amazon,3/16/2017,853.419983
730,Amazon,3/17/2017,852.309998
731,Amazon,3/20/2017,856.969971
732,Amazon,3/21/2017,843.200012
733,Amazon,3/22/2017,848.059998
734,Amazon,3/23/2017,847.380005
735,Amazon,3/24/2017,845.609985
736,Amazon,3/27/2017,846.820007
737,Amazon,3/28/2017,856
738,Amazon,3/29/2017,874.320007
739,Amazon,3/30/2017,876.340027
740,Amazon,3/31/2017,886.539978
741,Amazon,4/3/2017,891.51001
742,Amazon,4/4/2017,906.830017
743,Amazon,4/5/2017,909.280029
744,Amazon,4/6/2017,898.280029
745,Amazon,4/7/2017,894.880005
746,Amazon,4/10/2017,907.039978
747,Amazon,4/11/2017,902.359985
748,Amazon,4/12/2017,896.22998
749,Amazon,4/13/2017,884.669983
750,Amazon,4/17/2017,901.98999
751,Amazon,4/18/2017,903.780029
752,Amazon,4/19/2017,899.200012
753,Amazon,4/20/2017,902.059998
754,Amazon,4/21/2017,898.530029
755,Amazon,4/24/2017,907.409973
756,Facebook,4/25/2014,57.709999
757,Facebook,4/28/2014,56.139999
758,Facebook,4/29/2014,58.150002
759,Facebook,4/30/2014,59.779999
760,Facebook,5/1/2014,61.150002
761,Facebook,5/2/2014,60.459999
762,Facebook,5/5/2014,61.220001
763,Facebook,5/6/2014,58.529999
764,Facebook,5/7/2014,57.389999
765,Facebook,5/8/2014,56.759998
766,Facebook,5/9/2014,57.240002
767,Facebook,5/12/2014,59.830002
768,Facebook,5/13/2014,59.830002
769,Facebook,5/14/2014,59.23
770,Facebook,5/15/2014,57.919998
771,Facebook,5/16/2014,58.02
772,Facebook,5/19/2014,59.209999
773,Facebook,5/20/2014,58.560001
774,Facebook,5/21/2014,60.490002
775,Facebook,5/22/2014,60.52
776,Facebook,5/23/2014,61.349998
777,Facebook,5/27/2014,63.48
778,Facebook,5/28/2014,63.509998
779,Facebook,5/29/2014,63.830002
780,Facebook,5/30/2014,63.299999
781,Facebook,6/2/2014,63.080002
782,Facebook,6/3/2014,62.869999
783,Facebook,6/4/2014,63.34
784,Facebook,6/5/2014,63.189999
785,Facebook,6/6/2014,62.5
786,Facebook,6/9/2014,62.880001
787,Facebook,6/10/2014,65.769997
788,Facebook,6/11/2014,65.779999
789,Facebook,6/12/2014,64.290001
790,Facebook,6/13/2014,64.5
791,Facebook,6/16/2014,64.190002
792,Facebook,6/17/2014,64.400002
793,Facebook,6/18/2014,65.599998
794,Facebook,6/19/2014,64.339996
795,Facebook,6/20/2014,64.5
796,Facebook,6/23/2014,65.370003
797,Facebook,6/24/2014,65.720001
798,Facebook,6/25/2014,67.440002
799,Facebook,6/26/2014,67.129997
800,Facebook,6/27/2014,67.599998
801,Facebook,6/30/2014,67.290001
802,Facebook,7/1/2014,68.059998
803,Facebook,7/2/2014,66.449997
804,Facebook,7/3/2014,66.290001
805,Facebook,7/7/2014,65.290001
806,Facebook,7/8/2014,62.759998
807,Facebook,7/9/2014,64.970001
808,Facebook,7/10/2014,64.870003
809,Facebook,7/11/2014,66.339996
810,Facebook,7/14/2014,67.900002
811,Facebook,7/15/2014,67.169998
812,Facebook,7/16/2014,67.660004
813,Facebook,7/17/2014,66.410004
814,Facebook,7/18/2014,68.419998
815,Facebook,7/21/2014,69.400002
816,Facebook,7/22/2014,69.269997
817,Facebook,7/23/2014,71.290001
818,Facebook,7/24/2014,74.980003
819,Facebook,7/25/2014,75.190002
820,Facebook,7/28/2014,74.919998
821,Facebook,7/29/2014,73.709999
822,Facebook,7/30/2014,74.68
823,Facebook,7/31/2014,72.650002
824,Facebook,8/1/2014,72.360001
825,Facebook,8/4/2014,73.510002
826,Facebook,8/5/2014,72.690002
827,Facebook,8/6/2014,72.470001
828,Facebook,8/7/2014,73.169998
829,Facebook,8/8/2014,73.059998
830,Facebook,8/11/2014,73.440002
831,Facebook,8/12/2014,72.830002
832,Facebook,8/13/2014,73.769997
833,Facebook,8/14/2014,74.300003
834,Facebook,8/15/2014,73.629997
835,Facebook,8/18/2014,74.589996
836,Facebook,8/19/2014,75.290001
837,Facebook,8/20/2014,74.809998
838,Facebook,8/21/2014,74.57
839,Facebook,8/22/2014,74.57
840,Facebook,8/25/2014,75.019997
841,Facebook,8/26/2014,75.959999
842,Facebook,8/27/2014,74.629997
843,Facebook,8/28/2014,73.860001
844,Facebook,8/29/2014,74.82
845,Facebook,9/2/2014,76.68
846,Facebook,9/3/2014,75.830002
847,Facebook,9/4/2014,75.949997
848,Facebook,9/5/2014,77.260002
849,Facebook,9/8/2014,77.889999
850,Facebook,9/9/2014,76.669998
851,Facebook,9/10/2014,77.43
852,Facebook,9/11/2014,77.919998
853,Facebook,9/12/2014,77.480003
854,Facebook,9/15/2014,74.580002
855,Facebook,9/16/2014,76.080002
856,Facebook,9/17/2014,76.43
857,Facebook,9/18/2014,77
858,Facebook,9/19/2014,77.910004
859,Facebook,9/22/2014,76.800003
860,Facebook,9/23/2014,78.290001
861,Facebook,9/24/2014,78.540001
862,Facebook,9/25/2014,77.220001
863,Facebook,9/26/2014,78.790001
864,Facebook,9/29/2014,79
865,Facebook,9/30/2014,79.040001
866,Facebook,10/1/2014,76.550003
867,Facebook,10/2/2014,77.080002
868,Facebook,10/3/2014,77.440002
869,Facebook,10/6/2014,77.559998
870,Facebook,10/7/2014,76.290001
871,Facebook,10/8/2014,77.519997
872,Facebook,10/9/2014,75.910004
873,Facebook,10/10/2014,72.910004
874,Facebook,10/13/2014,72.989998
875,Facebook,10/14/2014,73.589996
876,Facebook,10/15/2014,73.209999
877,Facebook,10/16/2014,72.629997
878,Facebook,10/17/2014,75.949997
879,Facebook,10/20/2014,76.949997
880,Facebook,10/21/2014,78.690002
881,Facebook,10/22/2014,78.370003
882,Facebook,10/23/2014,80.040001
883,Facebook,10/24/2014,80.669998
884,Facebook,10/27/2014,80.279999
885,Facebook,10/28/2014,80.769997
886,Facebook,10/29/2014,75.860001
887,Facebook,10/30/2014,74.110001
888,Facebook,10/31/2014,74.989998
889,Facebook,11/3/2014,73.879997
890,Facebook,11/4/2014,75.760002
891,Facebook,11/5/2014,74.830002
892,Facebook,11/6/2014,75.260002
893,Facebook,11/7/2014,75.599998
894,Facebook,11/10/2014,75
895,Facebook,11/11/2014,74.610001
896,Facebook,11/12/2014,74.720001
897,Facebook,11/13/2014,74.25
898,Facebook,11/14/2014,74.879997
899,Facebook,11/17/2014,74.239998
900,Facebook,11/18/2014,74.339996
901,Facebook,11/19/2014,73.330002
902,Facebook,11/20/2014,73.599998
903,Facebook,11/21/2014,73.75
904,Facebook,11/24/2014,74.010002
905,Facebook,11/25/2014,75.629997
906,Facebook,11/26/2014,77.620003
907,Facebook,11/28/2014,77.699997
908,Facebook,12/1/2014,75.099998
909,Facebook,12/2/2014,75.459999
910,Facebook,12/3/2014,74.879997
911,Facebook,12/4/2014,75.239998
912,Facebook,12/5/2014,76.360001
913,Facebook,12/8/2014,76.519997
914,Facebook,12/9/2014,76.839996
915,Facebook,12/10/2014,76.18
916,Facebook,12/11/2014,77.730003
917,Facebook,12/12/2014,77.830002
918,Facebook,12/15/2014,76.989998
919,Facebook,12/16/2014,74.690002
920,Facebook,12/17/2014,76.110001
921,Facebook,12/18/2014,78.400002
922,Facebook,12/19/2014,79.879997
923,Facebook,12/22/2014,81.449997
924,Facebook,12/23/2014,80.610001
925,Facebook,12/24/2014,80.769997
926,Facebook,12/26/2014,80.779999
927,Facebook,12/29/2014,80.019997
928,Facebook,12/30/2014,79.220001
929,Facebook,12/31/2014,78.019997
930,Facebook,1/2/2015,78.449997
931,Facebook,1/5/2015,77.190002
932,Facebook,1/6/2015,76.150002
933,Facebook,1/7/2015,76.150002
934,Facebook,1/8/2015,78.18
935,Facebook,1/9/2015,77.739998
936,Facebook,1/12/2015,76.720001
937,Facebook,1/13/2015,76.449997
938,Facebook,1/14/2015,76.279999
939,Facebook,1/15/2015,74.050003
940,Facebook,1/16/2015,75.18
941,Facebook,1/20/2015,76.239998
942,Facebook,1/21/2015,76.739998
943,Facebook,1/22/2015,77.650002
944,Facebook,1/23/2015,77.830002
945,Facebook,1/26/2015,77.5
946,Facebook,1/27/2015,75.779999
947,Facebook,1/28/2015,76.239998
948,Facebook,1/29/2015,78
949,Facebook,1/30/2015,75.910004
950,Facebook,2/2/2015,74.989998
951,Facebook,2/3/2015,75.400002
952,Facebook,2/4/2015,75.629997
953,Facebook,2/5/2015,75.610001
954,Facebook,2/6/2015,74.470001
955,Facebook,2/9/2015,74.440002
956,Facebook,2/10/2015,75.190002
957,Facebook,2/11/2015,76.510002
958,Facebook,2/12/2015,76.230003
959,Facebook,2/13/2015,75.739998
960,Facebook,2/17/2015,75.599998
961,Facebook,2/18/2015,76.709999
962,Facebook,2/19/2015,79.419998
963,Facebook,2/20/2015,79.900002
964,Facebook,2/23/2015,78.839996
965,Facebook,2/24/2015,78.449997
966,Facebook,2/25/2015,79.559998
967,Facebook,2/26/2015,80.410004
968,Facebook,2/27/2015,78.970001
969,Facebook,3/2/2015,79.75
970,Facebook,3/3/2015,79.599998
971,Facebook,3/4/2015,80.900002
972,Facebook,3/5/2015,81.209999
973,Facebook,3/6/2015,80.010002
974,Facebook,3/9/2015,79.440002
975,Facebook,3/10/2015,77.550003
976,Facebook,3/11/2015,77.57
977,Facebook,3/12/2015,78.93
978,Facebook,3/13/2015,78.050003
979,Facebook,3/16/2015,78.07
980,Facebook,3/17/2015,79.360001
981,Facebook,3/18/2015,80.910004
982,Facebook,3/19/2015,82.75
983,Facebook,3/20/2015,83.800003
984,Facebook,3/23/2015,84.43
985,Facebook,3/24/2015,85.309998
986,Facebook,3/25/2015,82.919998
987,Facebook,3/26/2015,83.010002
988,Facebook,3/27/2015,83.300003
989,Facebook,3/30/2015,83.199997
990,Facebook,3/31/2015,82.220001
991,Facebook,4/1/2015,81.669998
992,Facebook,4/2/2015,81.559998
993,Facebook,4/6/2015,82.440002
994,Facebook,4/7/2015,82.32
995,Facebook,4/8/2015,82.279999
996,Facebook,4/9/2015,82.169998
997,Facebook,4/10/2015,82.040001
998,Facebook,4/13/2015,83.010002
999,Facebook,4/14/2015,83.519997
1000,Facebook,4/15/2015,82.709999
1001,Facebook,4/16/2015,82.309998
1002,Facebook,4/17/2015,80.779999
1003,Facebook,4/20/2015,83.089996
1004,Facebook,4/21/2015,83.620003
1005,Facebook,4/22/2015,84.629997
1006,Facebook,4/23/2015,82.410004
1007,Facebook,4/24/2015,81.529999
1008,Facebook,4/27/2015,81.910004
1009,Facebook,4/28/2015,80.68
1010,Facebook,4/29/2015,80.470001
1011,Facebook,4/30/2015,78.769997
1012,Facebook,5/1/2015,78.989998
1013,Facebook,5/4/2015,78.809998
1014,Facebook,5/5/2015,77.559998
1015,Facebook,5/6/2015,78.099998
1016,Facebook,5/7/2015,78.43
1017,Facebook,5/8/2015,78.510002
1018,Facebook,5/11/2015,78.010002
1019,Facebook,5/12/2015,77.459999
1020,Facebook,5/13/2015,78.440002
1021,Facebook,5/14/2015,81.370003
1022,Facebook,5/15/2015,80.419998
1023,Facebook,5/18/2015,80.879997
1024,Facebook,5/19/2015,80.629997
1025,Facebook,5/20/2015,80.550003
1026,Facebook,5/21/2015,80.480003
1027,Facebook,5/22/2015,80.540001
1028,Facebook,5/26/2015,79.330002
1029,Facebook,5/27/2015,80.550003
1030,Facebook,5/28/2015,80.150002
1031,Facebook,5/29/2015,79.190002
1032,Facebook,6/1/2015,80.290001
1033,Facebook,6/2/2015,80.440002
1034,Facebook,6/3/2015,82.440002
1035,Facebook,6/4/2015,82.050003
1036,Facebook,6/5/2015,82.139999
1037,Facebook,6/8/2015,80.669998
1038,Facebook,6/9/2015,80.669998
1039,Facebook,6/10/2015,82.160004
1040,Facebook,6/11/2015,81.830002
1041,Facebook,6/12/2015,81.529999
1042,Facebook,6/15/2015,80.709999
1043,Facebook,6/16/2015,81.059998
1044,Facebook,6/17/2015,81.790001
1045,Facebook,6/18/2015,82.910004
1046,Facebook,6/19/2015,82.510002
1047,Facebook,6/22/2015,84.739998
1048,Facebook,6/23/2015,87.879997
1049,Facebook,6/24/2015,88.860001
1050,Facebook,6/25/2015,87.980003
1051,Facebook,6/26/2015,88.010002
1052,Facebook,6/29/2015,85.800003
1053,Facebook,6/30/2015,85.769997
1054,Facebook,7/1/2015,86.910004
1055,Facebook,7/2/2015,87.290001
1056,Facebook,7/6/2015,87.550003
1057,Facebook,7/7/2015,87.220001
1058,Facebook,7/8/2015,85.650002
1059,Facebook,7/9/2015,85.879997
1060,Facebook,7/10/2015,87.949997
1061,Facebook,7/13/2015,90.099998
1062,Facebook,7/14/2015,89.68
1063,Facebook,7/15/2015,89.760002
1064,Facebook,7/16/2015,90.849998
1065,Facebook,7/17/2015,94.970001
1066,Facebook,7/20/2015,97.910004
1067,Facebook,7/21/2015,98.389999
1068,Facebook,7/22/2015,97.040001
1069,Facebook,7/23/2015,95.440002
1070,Facebook,7/24/2015,96.949997
1071,Facebook,7/27/2015,94.169998
1072,Facebook,7/28/2015,95.290001
1073,Facebook,7/29/2015,96.989998
1074,Facebook,7/30/2015,95.209999
1075,Facebook,7/31/2015,94.010002
1076,Facebook,8/3/2015,94.139999
1077,Facebook,8/4/2015,94.059998
1078,Facebook,8/5/2015,96.440002
1079,Facebook,8/6/2015,95.120003
1080,Facebook,8/7/2015,94.300003
1081,Facebook,8/10/2015,94.150002
1082,Facebook,8/11/2015,93.620003
1083,Facebook,8/12/2015,94.190002
1084,Facebook,8/13/2015,93.43
1085,Facebook,8/14/2015,94.419998
1086,Facebook,8/17/2015,93.93
1087,Facebook,8/18/2015,95.169998
1088,Facebook,8/19/2015,95.309998
1089,Facebook,8/20/2015,90.559998
1090,Facebook,8/21/2015,86.059998
1091,Facebook,8/24/2015,82.089996
1092,Facebook,8/25/2015,83
1093,Facebook,8/26/2015,87.190002
1094,Facebook,8/27/2015,89.730003
1095,Facebook,8/28/2015,91.010002
1096,Facebook,8/31/2015,89.43
1097,Facebook,9/1/2015,87.230003
1098,Facebook,9/2/2015,89.889999
1099,Facebook,9/3/2015,88.150002
1100,Facebook,9/4/2015,88.260002
1101,Facebook,9/8/2015,89.529999
1102,Facebook,9/9/2015,90.440002
1103,Facebook,9/10/2015,91.980003
1104,Facebook,9/11/2015,92.050003
1105,Facebook,9/14/2015,92.309998
1106,Facebook,9/15/2015,92.900002
1107,Facebook,9/16/2015,93.449997
1108,Facebook,9/17/2015,94.339996
1109,Facebook,9/18/2015,94.400002
1110,Facebook,9/21/2015,95.550003
1111,Facebook,9/22/2015,92.959999
1112,Facebook,9/23/2015,93.970001
1113,Facebook,9/24/2015,94.410004
1114,Facebook,9/25/2015,92.769997
1115,Facebook,9/28/2015,89.209999
1116,Facebook,9/29/2015,86.669998
1117,Facebook,9/30/2015,89.900002
1118,Facebook,10/1/2015,90.949997
1119,Facebook,10/2/2015,92.07
1120,Facebook,10/5/2015,94.010002
1121,Facebook,10/6/2015,92.800003
1122,Facebook,10/7/2015,92.400002
1123,Facebook,10/8/2015,92.470001
1124,Facebook,10/9/2015,93.239998
1125,Facebook,10/12/2015,94.260002
1126,Facebook,10/13/2015,94.120003
1127,Facebook,10/14/2015,94.07
1128,Facebook,10/15/2015,95.959999
1129,Facebook,10/16/2015,97.540001
1130,Facebook,10/19/2015,98.470001
1131,Facebook,10/20/2015,97
1132,Facebook,10/21/2015,97.110001
1133,Facebook,10/22/2015,99.669998
1134,Facebook,10/23/2015,102.190002
1135,Facebook,10/26/2015,103.769997
1136,Facebook,10/27/2015,103.699997
1137,Facebook,10/28/2015,104.199997
1138,Facebook,10/29/2015,104.879997
1139,Facebook,10/30/2015,101.970001
1140,Facebook,11/2/2015,103.309998
1141,Facebook,11/3/2015,102.580002
1142,Facebook,11/4/2015,103.940002
1143,Facebook,11/5/2015,108.760002
1144,Facebook,11/6/2015,107.099998
1145,Facebook,11/9/2015,106.489998
1146,Facebook,11/10/2015,107.910004
1147,Facebook,11/11/2015,109.010002
1148,Facebook,11/12/2015,108.019997
1149,Facebook,11/13/2015,103.949997
1150,Facebook,11/16/2015,104.040001
1151,Facebook,11/17/2015,105.129997
1152,Facebook,11/18/2015,107.769997
1153,Facebook,11/19/2015,106.260002
1154,Facebook,11/20/2015,107.32
1155,Facebook,11/23/2015,106.949997
1156,Facebook,11/24/2015,105.739998
1157,Facebook,11/25/2015,105.410004
1158,Facebook,11/27/2015,105.449997
1159,Facebook,11/30/2015,104.239998
1160,Facebook,12/1/2015,107.120003
1161,Facebook,12/2/2015,106.07
1162,Facebook,12/3/2015,104.379997
1163,Facebook,12/4/2015,106.18
1164,Facebook,12/7/2015,105.610001
1165,Facebook,12/8/2015,106.489998
1166,Facebook,12/9/2015,104.599998
1167,Facebook,12/10/2015,105.419998
1168,Facebook,12/11/2015,102.120003
1169,Facebook,12/14/2015,104.660004
1170,Facebook,12/15/2015,104.550003
1171,Facebook,12/16/2015,106.790001
1172,Facebook,12/17/2015,106.220001
1173,Facebook,12/18/2015,104.040001
1174,Facebook,12/21/2015,104.769997
1175,Facebook,12/22/2015,105.510002
1176,Facebook,12/23/2015,104.629997
1177,Facebook,12/24/2015,105.019997
1178,Facebook,12/28/2015,105.93
1179,Facebook,12/29/2015,107.260002
1180,Facebook,12/30/2015,106.220001
1181,Facebook,12/31/2015,104.660004
1182,Facebook,1/4/2016,102.220001
1183,Facebook,1/5/2016,102.730003
1184,Facebook,1/6/2016,102.970001
1185,Facebook,1/7/2016,97.919998
1186,Facebook,1/8/2016,97.330002
1187,Facebook,1/11/2016,97.510002
1188,Facebook,1/12/2016,99.370003
1189,Facebook,1/13/2016,95.440002
1190,Facebook,1/14/2016,98.370003
1191,Facebook,1/15/2016,94.970001
1192,Facebook,1/19/2016,95.260002
1193,Facebook,1/20/2016,94.349998
1194,Facebook,1/21/2016,94.160004
1195,Facebook,1/22/2016,97.940002
1196,Facebook,1/25/2016,97.010002
1197,Facebook,1/26/2016,97.339996
1198,Facebook,1/27/2016,94.449997
1199,Facebook,1/28/2016,109.110001
1200,Facebook,1/29/2016,112.209999
1201,Facebook,2/1/2016,115.089996
1202,Facebook,2/2/2016,114.610001
1203,Facebook,2/3/2016,112.690002
1204,Facebook,2/4/2016,110.489998
1205,Facebook,2/5/2016,104.07
1206,Facebook,2/8/2016,99.75
1207,Facebook,2/9/2016,99.540001
1208,Facebook,2/10/2016,101
1209,Facebook,2/11/2016,101.910004
1210,Facebook,2/12/2016,102.010002
1211,Facebook,2/16/2016,101.610001
1212,Facebook,2/17/2016,105.199997
1213,Facebook,2/18/2016,103.470001
1214,Facebook,2/19/2016,104.57
1215,Facebook,2/22/2016,107.160004
1216,Facebook,2/23/2016,105.459999
1217,Facebook,2/24/2016,106.879997
1218,Facebook,2/25/2016,108.07
1219,Facebook,2/26/2016,107.919998
1220,Facebook,2/29/2016,106.919998
1221,Facebook,3/1/2016,109.82
1222,Facebook,3/2/2016,109.949997
1223,Facebook,3/3/2016,109.580002
1224,Facebook,3/4/2016,108.389999
1225,Facebook,3/7/2016,105.730003
1226,Facebook,3/8/2016,105.93
1227,Facebook,3/9/2016,107.510002
1228,Facebook,3/10/2016,107.32
1229,Facebook,3/11/2016,109.410004
1230,Facebook,3/14/2016,109.889999
1231,Facebook,3/15/2016,110.669998
1232,Facebook,3/16/2016,112.18
1233,Facebook,3/17/2016,111.019997
1234,Facebook,3/18/2016,111.449997
1235,Facebook,3/21/2016,111.849998
1236,Facebook,3/22/2016,112.25
1237,Facebook,3/23/2016,112.540001
1238,Facebook,3/24/2016,113.050003
1239,Facebook,3/28/2016,113.690002
1240,Facebook,3/29/2016,116.139999
1241,Facebook,3/30/2016,114.699997
1242,Facebook,3/31/2016,114.099998
1243,Facebook,4/1/2016,116.059998
1244,Facebook,4/4/2016,112.550003
1245,Facebook,4/5/2016,112.220001
1246,Facebook,4/6/2016,113.709999
1247,Facebook,4/7/2016,113.639999
1248,Facebook,4/8/2016,110.629997
1249,Facebook,4/11/2016,108.989998
1250,Facebook,4/12/2016,110.610001
1251,Facebook,4/13/2016,110.510002
1252,Facebook,4/14/2016,110.839996
1253,Facebook,4/15/2016,109.639999
1254,Facebook,4/18/2016,110.449997
1255,Facebook,4/19/2016,112.290001
1256,Facebook,4/20/2016,112.419998
1257,Facebook,4/21/2016,113.440002
1258,Facebook,4/22/2016,110.559998
1259,Facebook,4/25/2016,110.099998
1260,Facebook,4/26/2016,108.760002
1261,Facebook,4/27/2016,108.889999
1262,Facebook,4/28/2016,116.730003
1263,Facebook,4/29/2016,117.580002
1264,Facebook,5/2/2016,118.57
1265,Facebook,5/3/2016,117.43
1266,Facebook,5/4/2016,118.059998
1267,Facebook,5/5/2016,117.809998
1268,Facebook,5/6/2016,119.489998
1269,Facebook,5/9/2016,119.239998
1270,Facebook,5/10/2016,120.5
1271,Facebook,5/11/2016,119.519997
1272,Facebook,5/12/2016,120.279999
1273,Facebook,5/13/2016,119.809998
1274,Facebook,5/16/2016,118.669998
1275,Facebook,5/17/2016,117.349998
1276,Facebook,5/18/2016,117.650002
1277,Facebook,5/19/2016,116.809998
1278,Facebook,5/20/2016,117.349998
1279,Facebook,5/23/2016,115.970001
1280,Facebook,5/24/2016,117.699997
1281,Facebook,5/25/2016,117.889999
1282,Facebook,5/26/2016,119.470001
1283,Facebook,5/27/2016,119.379997
1284,Facebook,5/31/2016,118.809998
1285,Facebook,6/1/2016,118.779999
1286,Facebook,6/2/2016,118.93
1287,Facebook,6/3/2016,118.470001
1288,Facebook,6/6/2016,118.790001
1289,Facebook,6/7/2016,117.760002
1290,Facebook,6/8/2016,118.389999
1291,Facebook,6/9/2016,118.559998
1292,Facebook,6/10/2016,116.620003
1293,Facebook,6/13/2016,113.949997
1294,Facebook,6/14/2016,114.940002
1295,Facebook,6/15/2016,114.599998
1296,Facebook,6/16/2016,114.389999
1297,Facebook,6/17/2016,113.019997
1298,Facebook,6/20/2016,113.370003
1299,Facebook,6/21/2016,114.379997
1300,Facebook,6/22/2016,113.910004
1301,Facebook,6/23/2016,115.080002
1302,Facebook,6/24/2016,112.080002
1303,Facebook,6/27/2016,108.970001
1304,Facebook,6/28/2016,112.699997
1305,Facebook,6/29/2016,114.160004
1306,Facebook,6/30/2016,114.279999
1307,Facebook,7/1/2016,114.190002
1308,Facebook,7/5/2016,114.199997
1309,Facebook,7/6/2016,116.699997
1310,Facebook,7/7/2016,115.849998
1311,Facebook,7/8/2016,117.239998
1312,Facebook,7/11/2016,117.870003
1313,Facebook,7/12/2016,117.93
1314,Facebook,7/13/2016,116.779999
1315,Facebook,7/14/2016,117.290001
1316,Facebook,7/15/2016,116.860001
1317,Facebook,7/18/2016,119.370003
1318,Facebook,7/19/2016,120.610001
1319,Facebook,7/20/2016,121.919998
1320,Facebook,7/21/2016,120.610001
1321,Facebook,7/22/2016,121
1322,Facebook,7/25/2016,121.629997
1323,Facebook,7/26/2016,121.220001
1324,Facebook,7/27/2016,123.339996
1325,Facebook,7/28/2016,125
1326,Facebook,7/29/2016,123.940002
1327,Facebook,8/1/2016,124.309998
1328,Facebook,8/2/2016,123.089996
1329,Facebook,8/3/2016,122.510002
1330,Facebook,8/4/2016,124.360001
1331,Facebook,8/5/2016,125.150002
1332,Facebook,8/8/2016,125.260002
1333,Facebook,8/9/2016,125.059998
1334,Facebook,8/10/2016,124.879997
1335,Facebook,8/11/2016,124.900002
1336,Facebook,8/12/2016,124.879997
1337,Facebook,8/15/2016,123.900002
1338,Facebook,8/16/2016,123.300003
1339,Facebook,8/17/2016,124.370003
1340,Facebook,8/18/2016,123.910004
1341,Facebook,8/19/2016,123.559998
1342,Facebook,8/22/2016,124.150002
1343,Facebook,8/23/2016,124.370003
1344,Facebook,8/24/2016,123.480003
1345,Facebook,8/25/2016,123.889999
1346,Facebook,8/26/2016,124.959999
1347,Facebook,8/29/2016,126.540001
1348,Facebook,8/30/2016,125.839996
1349,Facebook,8/31/2016,126.120003
1350,Facebook,9/1/2016,126.169998
1351,Facebook,9/2/2016,126.510002
1352,Facebook,9/6/2016,129.729996
1353,Facebook,9/7/2016,131.050003
1354,Facebook,9/8/2016,130.270004
1355,Facebook,9/9/2016,127.099998
1356,Facebook,9/12/2016,128.690002
1357,Facebook,9/13/2016,127.209999
1358,Facebook,9/14/2016,127.769997
1359,Facebook,9/15/2016,128.350006
1360,Facebook,9/16/2016,129.070007
1361,Facebook,9/19/2016,128.649994
1362,Facebook,9/20/2016,128.639999
1363,Facebook,9/21/2016,129.940002
1364,Facebook,9/22/2016,130.080002
1365,Facebook,9/23/2016,127.959999
1366,Facebook,9/26/2016,127.309998
1367,Facebook,9/27/2016,128.690002
1368,Facebook,9/28/2016,129.229996
1369,Facebook,9/29/2016,128.089996
1370,Facebook,9/30/2016,128.270004
1371,Facebook,10/3/2016,128.770004
1372,Facebook,10/4/2016,128.190002
1373,Facebook,10/5/2016,128.470001
1374,Facebook,10/6/2016,128.740005
1375,Facebook,10/7/2016,128.990005
1376,Facebook,10/10/2016,130.240005
1377,Facebook,10/11/2016,128.880005
1378,Facebook,10/12/2016,129.050003
1379,Facebook,10/13/2016,127.82
1380,Facebook,10/14/2016,127.879997
1381,Facebook,10/17/2016,127.540001
1382,Facebook,10/18/2016,128.570007
1383,Facebook,10/19/2016,130.110001
1384,Facebook,10/20/2016,130
1385,Facebook,10/21/2016,132.070007
1386,Facebook,10/24/2016,133.279999
1387,Facebook,10/25/2016,132.289993
1388,Facebook,10/26/2016,131.039993
1389,Facebook,10/27/2016,129.690002
1390,Facebook,10/28/2016,131.289993
1391,Facebook,10/31/2016,130.990005
1392,Facebook,11/1/2016,129.5
1393,Facebook,11/2/2016,127.169998
1394,Facebook,11/3/2016,120
1395,Facebook,11/4/2016,120.75
1396,Facebook,11/7/2016,122.150002
1397,Facebook,11/8/2016,124.220001
1398,Facebook,11/9/2016,123.18
1399,Facebook,11/10/2016,120.800003
1400,Facebook,11/11/2016,119.019997
1401,Facebook,11/14/2016,115.080002
1402,Facebook,11/15/2016,117.199997
1403,Facebook,11/16/2016,116.339996
1404,Facebook,11/17/2016,117.790001
1405,Facebook,11/18/2016,117.019997
1406,Facebook,11/21/2016,121.769997
1407,Facebook,11/22/2016,121.470001
1408,Facebook,11/23/2016,120.839996
1409,Facebook,11/25/2016,120.379997
1410,Facebook,11/28/2016,120.410004
1411,Facebook,11/29/2016,120.870003
1412,Facebook,11/30/2016,118.419998
1413,Facebook,12/1/2016,115.099998
1414,Facebook,12/2/2016,115.400002
1415,Facebook,12/5/2016,117.43
1416,Facebook,12/6/2016,117.309998
1417,Facebook,12/7/2016,117.949997
1418,Facebook,12/8/2016,118.910004
1419,Facebook,12/9/2016,119.68
1420,Facebook,12/12/2016,117.769997
1421,Facebook,12/13/2016,120.309998
1422,Facebook,12/14/2016,120.209999
1423,Facebook,12/15/2016,120.57
1424,Facebook,12/16/2016,119.870003
1425,Facebook,12/19/2016,119.239998
1426,Facebook,12/20/2016,119.089996
1427,Facebook,12/21/2016,119.040001
1428,Facebook,12/22/2016,117.400002
1429,Facebook,12/23/2016,117.269997
1430,Facebook,12/27/2016,118.010002
1431,Facebook,12/28/2016,116.919998
1432,Facebook,12/29/2016,116.349998
1433,Facebook,12/30/2016,115.050003
1434,Facebook,1/3/2017,116.860001
1435,Facebook,1/4/2017,118.690002
1436,Facebook,1/5/2017,120.669998
1437,Facebook,1/6/2017,123.410004
1438,Facebook,1/9/2017,124.900002
1439,Facebook,1/10/2017,124.349998
1440,Facebook,1/11/2017,126.089996
1441,Facebook,1/12/2017,126.620003
1442,Facebook,1/13/2017,128.339996
1443,Facebook,1/17/2017,127.870003
1444,Facebook,1/18/2017,127.919998
1445,Facebook,1/19/2017,127.550003
1446,Facebook,1/20/2017,127.040001
1447,Facebook,1/23/2017,128.929993
1448,Facebook,1/24/2017,129.369995
1449,Facebook,1/25/2017,131.479996
1450,Facebook,1/26/2017,132.779999
1451,Facebook,1/27/2017,132.179993
1452,Facebook,1/30/2017,130.979996
1453,Facebook,1/31/2017,130.320007
1454,Facebook,2/1/2017,133.229996
1455,Facebook,2/2/2017,130.839996
1456,Facebook,2/3/2017,130.979996
1457,Facebook,2/6/2017,132.059998
1458,Facebook,2/7/2017,131.839996
1459,Facebook,2/8/2017,134.199997
1460,Facebook,2/9/2017,134.139999
1461,Facebook,2/10/2017,134.190002
1462,Facebook,2/13/2017,134.050003
1463,Facebook,2/14/2017,133.850006
1464,Facebook,2/15/2017,133.440002
1465,Facebook,2/16/2017,133.839996
1466,Facebook,2/17/2017,133.529999
1467,Facebook,2/21/2017,133.720001
1468,Facebook,2/22/2017,136.119995
1469,Facebook,2/23/2017,135.360001
1470,Facebook,2/24/2017,135.440002
1471,Facebook,2/27/2017,136.410004
1472,Facebook,2/28/2017,135.539993
1473,Facebook,3/1/2017,137.419998
1474,Facebook,3/2/2017,136.759995
1475,Facebook,3/3/2017,137.169998
1476,Facebook,3/6/2017,137.419998
1477,Facebook,3/7/2017,137.300003
1478,Facebook,3/8/2017,137.720001
1479,Facebook,3/9/2017,138.240005
1480,Facebook,3/10/2017,138.789993
1481,Facebook,3/13/2017,139.600006
1482,Facebook,3/14/2017,139.320007
1483,Facebook,3/15/2017,139.720001
1484,Facebook,3/16/2017,139.990005
1485,Facebook,3/17/2017,139.839996
1486,Facebook,3/20/2017,139.940002
1487,Facebook,3/21/2017,138.509995
1488,Facebook,3/22/2017,139.589996
1489,Facebook,3/23/2017,139.529999
1490,Facebook,3/24/2017,140.339996
1491,Facebook,3/27/2017,140.320007
1492,Facebook,3/28/2017,141.759995
1493,Facebook,3/29/2017,142.649994
1494,Facebook,3/30/2017,142.410004
1495,Facebook,3/31/2017,142.050003
1496,Facebook,4/3/2017,142.279999
1497,Facebook,4/4/2017,141.729996
1498,Facebook,4/5/2017,141.850006
1499,Facebook,4/6/2017,141.169998
1500,Facebook,4/7/2017,140.779999
1501,Facebook,4/10/2017,141.039993
1502,Facebook,4/11/2017,139.919998
1503,Facebook,4/12/2017,139.580002
1504,Facebook,4/13/2017,139.389999
1505,Facebook,4/17/2017,141.419998
1506,Facebook,4/18/2017,140.960007
1507,Facebook,4/19/2017,142.270004
1508,Facebook,4/20/2017,143.800003
1509,Facebook,4/21/2017,143.679993
1510,Facebook,4/24/2017,145.470001
1511,Apple,4/25/2014,571.93998
1512,Apple,4/28/2014,594.090019
1513,Apple,4/29/2014,592.329979
1514,Apple,4/30/2014,590.089981
1515,Apple,5/1/2014,591.480026
1516,Apple,5/2/2014,592.580025
1517,Apple,5/5/2014,600.959976
1518,Apple,5/6/2014,594.410027
1519,Apple,5/7/2014,592.329979
1520,Apple,5/8/2014,587.990013
1521,Apple,5/9/2014,585.540024
1522,Apple,5/12/2014,592.830017
1523,Apple,5/13/2014,593.760025
1524,Apple,5/14/2014,593.869987
1525,Apple,5/15/2014,588.819992
1526,Apple,5/16/2014,597.510017
1527,Apple,5/19/2014,604.590019
1528,Apple,5/20/2014,604.710022
1529,Apple,5/21/2014,606.310005
1530,Apple,5/22/2014,607.269974
1531,Apple,5/23/2014,614.129997
1532,Apple,5/27/2014,625.63002
1533,Apple,5/28/2014,624.01001
1534,Apple,5/29/2014,635.37999
1535,Apple,5/30/2014,633.000015
1536,Apple,6/2/2014,628.650009
1537,Apple,6/3/2014,637.539986
1538,Apple,6/4/2014,644.819992
1539,Apple,6/5/2014,647.349983
1540,Apple,6/6/2014,645.570023
1541,Apple,6/9/2014,93.699997
1542,Apple,6/10/2014,94.25
1543,Apple,6/11/2014,93.860001
1544,Apple,6/12/2014,92.290001
1545,Apple,6/13/2014,91.279999
1546,Apple,6/16/2014,92.199997
1547,Apple,6/17/2014,92.080002
1548,Apple,6/18/2014,92.18
1549,Apple,6/19/2014,91.860001
1550,Apple,6/20/2014,90.910004
1551,Apple,6/23/2014,90.830002
1552,Apple,6/24/2014,90.279999
1553,Apple,6/25/2014,90.360001
1554,Apple,6/26/2014,90.900002
1555,Apple,6/27/2014,91.980003
1556,Apple,6/30/2014,92.93
1557,Apple,7/1/2014,93.519997
1558,Apple,7/2/2014,93.480003
1559,Apple,7/3/2014,94.029999
1560,Apple,7/7/2014,95.970001
1561,Apple,7/8/2014,95.349998
1562,Apple,7/9/2014,95.389999
1563,Apple,7/10/2014,95.040001
1564,Apple,7/11/2014,95.220001
1565,Apple,7/14/2014,96.449997
1566,Apple,7/15/2014,95.32
1567,Apple,7/16/2014,94.779999
1568,Apple,7/17/2014,93.089996
1569,Apple,7/18/2014,94.43
1570,Apple,7/21/2014,93.940002
1571,Apple,7/22/2014,94.720001
1572,Apple,7/23/2014,97.190002
1573,Apple,7/24/2014,97.029999
1574,Apple,7/25/2014,97.669998
1575,Apple,7/28/2014,99.019997
1576,Apple,7/29/2014,98.379997
1577,Apple,7/30/2014,98.150002
1578,Apple,7/31/2014,95.599998
1579,Apple,8/1/2014,96.129997
1580,Apple,8/4/2014,95.589996
1581,Apple,8/5/2014,95.120003
1582,Apple,8/6/2014,94.959999
1583,Apple,8/7/2014,94.480003
1584,Apple,8/8/2014,94.739998
1585,Apple,8/11/2014,95.989998
1586,Apple,8/12/2014,95.970001
1587,Apple,8/13/2014,97.239998
1588,Apple,8/14/2014,97.5
1589,Apple,8/15/2014,97.980003
1590,Apple,8/18/2014,99.160004
1591,Apple,8/19/2014,100.529999
1592,Apple,8/20/2014,100.57
1593,Apple,8/21/2014,100.580002
1594,Apple,8/22/2014,101.32
1595,Apple,8/25/2014,101.540001
1596,Apple,8/26/2014,100.889999
1597,Apple,8/27/2014,102.129997
1598,Apple,8/28/2014,102.25
1599,Apple,8/29/2014,102.5
1600,Apple,9/2/2014,103.300003
1601,Apple,9/3/2014,98.940002
1602,Apple,9/4/2014,98.120003
1603,Apple,9/5/2014,98.970001
1604,Apple,9/8/2014,98.360001
1605,Apple,9/9/2014,97.989998
1606,Apple,9/10/2014,101
1607,Apple,9/11/2014,101.43
1608,Apple,9/12/2014,101.660004
1609,Apple,9/15/2014,101.629997
1610,Apple,9/16/2014,100.860001
1611,Apple,9/17/2014,101.580002
1612,Apple,9/18/2014,101.790001
1613,Apple,9/19/2014,100.959999
1614,Apple,9/22/2014,101.059998
1615,Apple,9/23/2014,102.639999
1616,Apple,9/24/2014,101.75
1617,Apple,9/25/2014,97.870003
1618,Apple,9/26/2014,100.75
1619,Apple,9/29/2014,100.110001
1620,Apple,9/30/2014,100.75
1621,Apple,10/1/2014,99.18
1622,Apple,10/2/2014,99.900002
1623,Apple,10/3/2014,99.620003
1624,Apple,10/6/2014,99.620003
1625,Apple,10/7/2014,98.75
1626,Apple,10/8/2014,100.800003
1627,Apple,10/9/2014,101.019997
1628,Apple,10/10/2014,100.730003
1629,Apple,10/13/2014,99.809998
1630,Apple,10/14/2014,98.75
1631,Apple,10/15/2014,97.540001
1632,Apple,10/16/2014,96.260002
1633,Apple,10/17/2014,97.669998
1634,Apple,10/20/2014,99.760002
1635,Apple,10/21/2014,102.470001
1636,Apple,10/22/2014,102.989998
1637,Apple,10/23/2014,104.830002
1638,Apple,10/24/2014,105.220001
1639,Apple,10/27/2014,105.110001
1640,Apple,10/28/2014,106.739998
1641,Apple,10/29/2014,107.339996
1642,Apple,10/30/2014,106.980003
1643,Apple,10/31/2014,108
1644,Apple,11/3/2014,109.400002
1645,Apple,11/4/2014,108.599998
1646,Apple,11/5/2014,108.860001
1647,Apple,11/6/2014,108.699997
1648,Apple,11/7/2014,109.010002
1649,Apple,11/10/2014,108.830002
1650,Apple,11/11/2014,109.699997
1651,Apple,11/12/2014,111.25
1652,Apple,11/13/2014,112.82
1653,Apple,11/14/2014,114.18
1654,Apple,11/17/2014,113.989998
1655,Apple,11/18/2014,115.470001
1656,Apple,11/19/2014,114.669998
1657,Apple,11/20/2014,116.309998
1658,Apple,11/21/2014,116.470001
1659,Apple,11/24/2014,118.629997
1660,Apple,11/25/2014,117.599998
1661,Apple,11/26/2014,119
1662,Apple,11/28/2014,118.93
1663,Apple,12/1/2014,115.07
1664,Apple,12/2/2014,114.629997
1665,Apple,12/3/2014,115.93
1666,Apple,12/4/2014,115.489998
1667,Apple,12/5/2014,115
1668,Apple,12/8/2014,112.400002
1669,Apple,12/9/2014,114.120003
1670,Apple,12/10/2014,111.949997
1671,Apple,12/11/2014,111.620003
1672,Apple,12/12/2014,109.730003
1673,Apple,12/15/2014,108.230003
1674,Apple,12/16/2014,106.75
1675,Apple,12/17/2014,109.410004
1676,Apple,12/18/2014,112.650002
1677,Apple,12/19/2014,111.779999
1678,Apple,12/22/2014,112.940002
1679,Apple,12/23/2014,112.540001
1680,Apple,12/24/2014,112.010002
1681,Apple,12/26/2014,113.989998
1682,Apple,12/29/2014,113.910004
1683,Apple,12/30/2014,112.519997
1684,Apple,12/31/2014,110.379997
1685,Apple,1/2/2015,109.330002
1686,Apple,1/5/2015,106.25
1687,Apple,1/6/2015,106.260002
1688,Apple,1/7/2015,107.75
1689,Apple,1/8/2015,111.889999
1690,Apple,1/9/2015,112.010002
1691,Apple,1/12/2015,109.25
1692,Apple,1/13/2015,110.220001
1693,Apple,1/14/2015,109.800003
1694,Apple,1/15/2015,106.82
1695,Apple,1/16/2015,105.989998
1696,Apple,1/20/2015,108.720001
1697,Apple,1/21/2015,109.550003
1698,Apple,1/22/2015,112.400002
1699,Apple,1/23/2015,112.980003
1700,Apple,1/26/2015,113.099998
1701,Apple,1/27/2015,109.139999
1702,Apple,1/28/2015,115.309998
1703,Apple,1/29/2015,118.900002
1704,Apple,1/30/2015,117.160004
1705,Apple,2/2/2015,118.629997
1706,Apple,2/3/2015,118.650002
1707,Apple,2/4/2015,119.559998
1708,Apple,2/5/2015,119.940002
1709,Apple,2/6/2015,118.93
1710,Apple,2/9/2015,119.720001
1711,Apple,2/10/2015,122.019997
1712,Apple,2/11/2015,124.879997
1713,Apple,2/12/2015,126.459999
1714,Apple,2/13/2015,127.080002
1715,Apple,2/17/2015,127.830002
1716,Apple,2/18/2015,128.720001
1717,Apple,2/19/2015,128.449997
1718,Apple,2/20/2015,129.5
1719,Apple,2/23/2015,133
1720,Apple,2/24/2015,132.169998
1721,Apple,2/25/2015,128.789993
1722,Apple,2/26/2015,130.419998
1723,Apple,2/27/2015,128.460007
1724,Apple,3/2/2015,129.089996
1725,Apple,3/3/2015,129.360001
1726,Apple,3/4/2015,128.539993
1727,Apple,3/5/2015,126.410004
1728,Apple,3/6/2015,126.599998
1729,Apple,3/9/2015,127.139999
1730,Apple,3/10/2015,124.510002
1731,Apple,3/11/2015,122.239998
1732,Apple,3/12/2015,124.449997
1733,Apple,3/13/2015,123.589996
1734,Apple,3/16/2015,124.949997
1735,Apple,3/17/2015,127.040001
1736,Apple,3/18/2015,128.470001
1737,Apple,3/19/2015,127.5
1738,Apple,3/20/2015,125.900002
1739,Apple,3/23/2015,127.209999
1740,Apple,3/24/2015,126.690002
1741,Apple,3/25/2015,123.379997
1742,Apple,3/26/2015,124.239998
1743,Apple,3/27/2015,123.25
1744,Apple,3/30/2015,126.370003
1745,Apple,3/31/2015,124.43
1746,Apple,4/1/2015,124.25
1747,Apple,4/2/2015,125.32
1748,Apple,4/6/2015,127.349998
1749,Apple,4/7/2015,126.010002
1750,Apple,4/8/2015,125.599998
1751,Apple,4/9/2015,126.559998
1752,Apple,4/10/2015,127.099998
1753,Apple,4/13/2015,126.849998
1754,Apple,4/14/2015,126.300003
1755,Apple,4/15/2015,126.779999
1756,Apple,4/16/2015,126.169998
1757,Apple,4/17/2015,124.75
1758,Apple,4/20/2015,127.599998
1759,Apple,4/21/2015,126.910004
1760,Apple,4/22/2015,128.619995
1761,Apple,4/23/2015,129.669998
1762,Apple,4/24/2015,130.279999
1763,Apple,4/27/2015,132.649994
1764,Apple,4/28/2015,130.559998
1765,Apple,4/29/2015,128.639999
1766,Apple,4/30/2015,125.150002
1767,Apple,5/1/2015,128.949997
1768,Apple,5/4/2015,128.699997
1769,Apple,5/5/2015,125.800003
1770,Apple,5/6/2015,125.010002
1771,Apple,5/7/2015,125.260002
1772,Apple,5/8/2015,127.620003
1773,Apple,5/11/2015,126.32
1774,Apple,5/12/2015,125.870003
1775,Apple,5/13/2015,126.010002
1776,Apple,5/14/2015,128.949997
1777,Apple,5/15/2015,128.770004
1778,Apple,5/18/2015,130.190002
1779,Apple,5/19/2015,130.070007
1780,Apple,5/20/2015,130.059998
1781,Apple,5/21/2015,131.389999
1782,Apple,5/22/2015,132.539993
1783,Apple,5/26/2015,129.619995
1784,Apple,5/27/2015,132.039993
1785,Apple,5/28/2015,131.779999
1786,Apple,5/29/2015,130.279999
1787,Apple,6/1/2015,130.539993
1788,Apple,6/2/2015,129.960007
1789,Apple,6/3/2015,130.119995
1790,Apple,6/4/2015,129.360001
1791,Apple,6/5/2015,128.649994
1792,Apple,6/8/2015,127.800003
1793,Apple,6/9/2015,127.419998
1794,Apple,6/10/2015,128.880005
1795,Apple,6/11/2015,128.589996
1796,Apple,6/12/2015,127.169998
1797,Apple,6/15/2015,126.919998
1798,Apple,6/16/2015,127.599998
1799,Apple,6/17/2015,127.300003
1800,Apple,6/18/2015,127.879997
1801,Apple,6/19/2015,126.599998
1802,Apple,6/22/2015,127.610001
1803,Apple,6/23/2015,127.029999
1804,Apple,6/24/2015,128.110001
1805,Apple,6/25/2015,127.5
1806,Apple,6/26/2015,126.75
1807,Apple,6/29/2015,124.529999
1808,Apple,6/30/2015,125.43
1809,Apple,7/1/2015,126.599998
1810,Apple,7/2/2015,126.440002
1811,Apple,7/6/2015,126
1812,Apple,7/7/2015,125.690002
1813,Apple,7/8/2015,122.57
1814,Apple,7/9/2015,120.07
1815,Apple,7/10/2015,123.279999
1816,Apple,7/13/2015,125.660004
1817,Apple,7/14/2015,125.610001
1818,Apple,7/15/2015,126.82
1819,Apple,7/16/2015,128.509995
1820,Apple,7/17/2015,129.619995
1821,Apple,7/20/2015,132.070007
1822,Apple,7/21/2015,130.75
1823,Apple,7/22/2015,125.220001
1824,Apple,7/23/2015,125.160004
1825,Apple,7/24/2015,124.5
1826,Apple,7/27/2015,122.769997
1827,Apple,7/28/2015,123.379997
1828,Apple,7/29/2015,122.989998
1829,Apple,7/30/2015,122.370003
1830,Apple,7/31/2015,121.300003
1831,Apple,8/3/2015,118.440002
1832,Apple,8/4/2015,114.639999
1833,Apple,8/5/2015,115.400002
1834,Apple,8/6/2015,115.129997
1835,Apple,8/7/2015,115.519997
1836,Apple,8/10/2015,119.720001
1837,Apple,8/11/2015,113.489998
1838,Apple,8/12/2015,115.239998
1839,Apple,8/13/2015,115.150002
1840,Apple,8/14/2015,115.959999
1841,Apple,8/17/2015,117.160004
1842,Apple,8/18/2015,116.5
1843,Apple,8/19/2015,115.010002
1844,Apple,8/20/2015,112.650002
1845,Apple,8/21/2015,105.760002
1846,Apple,8/24/2015,103.120003
1847,Apple,8/25/2015,103.739998
1848,Apple,8/26/2015,109.690002
1849,Apple,8/27/2015,112.919998
1850,Apple,8/28/2015,113.290001
1851,Apple,8/31/2015,112.760002
1852,Apple,9/1/2015,107.720001
1853,Apple,9/2/2015,112.339996
1854,Apple,9/3/2015,110.370003
1855,Apple,9/4/2015,109.269997
1856,Apple,9/8/2015,112.309998
1857,Apple,9/9/2015,110.150002
1858,Apple,9/10/2015,112.57
1859,Apple,9/11/2015,114.209999
1860,Apple,9/14/2015,115.309998
1861,Apple,9/15/2015,116.279999
1862,Apple,9/16/2015,116.410004
1863,Apple,9/17/2015,113.919998
1864,Apple,9/18/2015,113.449997
1865,Apple,9/21/2015,115.209999
1866,Apple,9/22/2015,113.400002
1867,Apple,9/23/2015,114.32
1868,Apple,9/24/2015,115
1869,Apple,9/25/2015,114.709999
1870,Apple,9/28/2015,112.440002
1871,Apple,9/29/2015,109.059998
1872,Apple,9/30/2015,110.300003
1873,Apple,10/1/2015,109.580002
1874,Apple,10/2/2015,110.379997
1875,Apple,10/5/2015,110.779999
1876,Apple,10/6/2015,111.309998
1877,Apple,10/7/2015,110.779999
1878,Apple,10/8/2015,109.5
1879,Apple,10/9/2015,112.120003
1880,Apple,10/12/2015,111.599998
1881,Apple,10/13/2015,111.790001
1882,Apple,10/14/2015,110.209999
1883,Apple,10/15/2015,111.860001
1884,Apple,10/16/2015,111.040001
1885,Apple,10/19/2015,111.730003
1886,Apple,10/20/2015,113.769997
1887,Apple,10/21/2015,113.760002
1888,Apple,10/22/2015,115.5
1889,Apple,10/23/2015,119.080002
1890,Apple,10/26/2015,115.279999
1891,Apple,10/27/2015,114.550003
1892,Apple,10/28/2015,119.269997
1893,Apple,10/29/2015,120.529999
1894,Apple,10/30/2015,119.5
1895,Apple,11/2/2015,121.18
1896,Apple,11/3/2015,122.57
1897,Apple,11/4/2015,122
1898,Apple,11/5/2015,120.919998
1899,Apple,11/6/2015,121.059998
1900,Apple,11/9/2015,120.57
1901,Apple,11/10/2015,116.769997
1902,Apple,11/11/2015,116.110001
1903,Apple,11/12/2015,115.720001
1904,Apple,11/13/2015,112.339996
1905,Apple,11/16/2015,114.18
1906,Apple,11/17/2015,113.690002
1907,Apple,11/18/2015,117.290001
1908,Apple,11/19/2015,118.779999
1909,Apple,11/20/2015,119.300003
1910,Apple,11/23/2015,117.75
1911,Apple,11/24/2015,118.879997
1912,Apple,11/25/2015,118.029999
1913,Apple,11/27/2015,117.809998
1914,Apple,11/30/2015,118.300003
1915,Apple,12/1/2015,117.339996
1916,Apple,12/2/2015,116.279999
1917,Apple,12/3/2015,115.199997
1918,Apple,12/4/2015,119.029999
1919,Apple,12/7/2015,118.279999
1920,Apple,12/8/2015,118.230003
1921,Apple,12/9/2015,115.620003
1922,Apple,12/10/2015,116.169998
1923,Apple,12/11/2015,113.18
1924,Apple,12/14/2015,112.480003
1925,Apple,12/15/2015,110.489998
1926,Apple,12/16/2015,111.339996
1927,Apple,12/17/2015,108.980003
1928,Apple,12/18/2015,106.029999
1929,Apple,12/21/2015,107.330002
1930,Apple,12/22/2015,107.230003
1931,Apple,12/23/2015,108.610001
1932,Apple,12/24/2015,108.029999
1933,Apple,12/28/2015,106.82
1934,Apple,12/29/2015,108.739998
1935,Apple,12/30/2015,107.32
1936,Apple,12/31/2015,105.260002
1937,Apple,1/4/2016,105.349998
1938,Apple,1/5/2016,102.709999
1939,Apple,1/6/2016,100.699997
1940,Apple,1/7/2016,96.449997
1941,Apple,1/8/2016,96.959999
1942,Apple,1/11/2016,98.529999
1943,Apple,1/12/2016,99.959999
1944,Apple,1/13/2016,97.389999
1945,Apple,1/14/2016,99.519997
1946,Apple,1/15/2016,97.129997
1947,Apple,1/19/2016,96.660004
1948,Apple,1/20/2016,96.790001
1949,Apple,1/21/2016,96.300003
1950,Apple,1/22/2016,101.419998
1951,Apple,1/25/2016,99.440002
1952,Apple,1/26/2016,99.989998
1953,Apple,1/27/2016,93.419998
1954,Apple,1/28/2016,94.089996
1955,Apple,1/29/2016,97.339996
1956,Apple,2/1/2016,96.43
1957,Apple,2/2/2016,94.480003
1958,Apple,2/3/2016,96.349998
1959,Apple,2/4/2016,96.599998
1960,Apple,2/5/2016,94.019997
1961,Apple,2/8/2016,95.010002
1962,Apple,2/9/2016,94.989998
1963,Apple,2/10/2016,94.269997
1964,Apple,2/11/2016,93.699997
1965,Apple,2/12/2016,93.989998
1966,Apple,2/16/2016,96.639999
1967,Apple,2/17/2016,98.120003
1968,Apple,2/18/2016,96.260002
1969,Apple,2/19/2016,96.040001
1970,Apple,2/22/2016,96.879997
1971,Apple,2/23/2016,94.690002
1972,Apple,2/24/2016,96.099998
1973,Apple,2/25/2016,96.760002
1974,Apple,2/26/2016,96.910004
1975,Apple,2/29/2016,96.690002
1976,Apple,3/1/2016,100.529999
1977,Apple,3/2/2016,100.75
1978,Apple,3/3/2016,101.5
1979,Apple,3/4/2016,103.010002
1980,Apple,3/7/2016,101.870003
1981,Apple,3/8/2016,101.029999
1982,Apple,3/9/2016,101.120003
1983,Apple,3/10/2016,101.169998
1984,Apple,3/11/2016,102.260002
1985,Apple,3/14/2016,102.519997
1986,Apple,3/15/2016,104.580002
1987,Apple,3/16/2016,105.970001
1988,Apple,3/17/2016,105.800003
1989,Apple,3/18/2016,105.919998
1990,Apple,3/21/2016,105.910004
1991,Apple,3/22/2016,106.720001
1992,Apple,3/23/2016,106.129997
1993,Apple,3/24/2016,105.669998
1994,Apple,3/28/2016,105.190002
1995,Apple,3/29/2016,107.68
1996,Apple,3/30/2016,109.559998
1997,Apple,3/31/2016,108.989998
1998,Apple,4/1/2016,109.989998
1999,Apple,4/4/2016,111.120003
2000,Apple,4/5/2016,109.809998
2001,Apple,4/6/2016,110.959999
2002,Apple,4/7/2016,108.540001
2003,Apple,4/8/2016,108.660004
2004,Apple,4/11/2016,109.019997
2005,Apple,4/12/2016,110.440002
2006,Apple,4/13/2016,112.040001
2007,Apple,4/14/2016,112.099998
2008,Apple,4/15/2016,109.849998
2009,Apple,4/18/2016,107.480003
2010,Apple,4/19/2016,106.910004
2011,Apple,4/20/2016,107.129997
2012,Apple,4/21/2016,105.970001
2013,Apple,4/22/2016,105.68
2014,Apple,4/25/2016,105.080002
2015,Apple,4/26/2016,104.349998
2016,Apple,4/27/2016,97.82
2017,Apple,4/28/2016,94.830002
2018,Apple,4/29/2016,93.739998
2019,Apple,5/2/2016,93.639999
2020,Apple,5/3/2016,95.18
2021,Apple,5/4/2016,94.190002
2022,Apple,5/5/2016,93.239998
2023,Apple,5/6/2016,92.720001
2024,Apple,5/9/2016,92.790001
2025,Apple,5/10/2016,93.419998
2026,Apple,5/11/2016,92.510002
2027,Apple,5/12/2016,90.339996
2028,Apple,5/13/2016,90.519997
2029,Apple,5/16/2016,93.879997
2030,Apple,5/17/2016,93.489998
2031,Apple,5/18/2016,94.559998
2032,Apple,5/19/2016,94.199997
2033,Apple,5/20/2016,95.220001
2034,Apple,5/23/2016,96.43
2035,Apple,5/24/2016,97.900002
2036,Apple,5/25/2016,99.620003
2037,Apple,5/26/2016,100.410004
2038,Apple,5/27/2016,100.349998
2039,Apple,5/31/2016,99.860001
2040,Apple,6/1/2016,98.459999
2041,Apple,6/2/2016,97.720001
2042,Apple,6/3/2016,97.919998
2043,Apple,6/6/2016,98.629997
2044,Apple,6/7/2016,99.029999
2045,Apple,6/8/2016,98.940002
2046,Apple,6/9/2016,99.650002
2047,Apple,6/10/2016,98.830002
2048,Apple,6/13/2016,97.339996
2049,Apple,6/14/2016,97.459999
2050,Apple,6/15/2016,97.139999
2051,Apple,6/16/2016,97.550003
2052,Apple,6/17/2016,95.330002
2053,Apple,6/20/2016,95.099998
2054,Apple,6/21/2016,95.910004
2055,Apple,6/22/2016,95.550003
2056,Apple,6/23/2016,96.099998
2057,Apple,6/24/2016,93.400002
2058,Apple,6/27/2016,92.040001
2059,Apple,6/28/2016,93.589996
2060,Apple,6/29/2016,94.400002
2061,Apple,6/30/2016,95.599998
2062,Apple,7/1/2016,95.889999
2063,Apple,7/5/2016,94.989998
2064,Apple,7/6/2016,95.529999
2065,Apple,7/7/2016,95.940002
2066,Apple,7/8/2016,96.68
2067,Apple,7/11/2016,96.980003
2068,Apple,7/12/2016,97.419998
2069,Apple,7/13/2016,96.870003
2070,Apple,7/14/2016,98.790001
2071,Apple,7/15/2016,98.779999
2072,Apple,7/18/2016,99.830002
2073,Apple,7/19/2016,99.870003
2074,Apple,7/20/2016,99.959999
2075,Apple,7/21/2016,99.43
2076,Apple,7/22/2016,98.660004
2077,Apple,7/25/2016,97.339996
2078,Apple,7/26/2016,96.669998
2079,Apple,7/27/2016,102.949997
2080,Apple,7/28/2016,104.339996
2081,Apple,7/29/2016,104.209999
2082,Apple,8/1/2016,106.050003
2083,Apple,8/2/2016,104.480003
2084,Apple,8/3/2016,105.790001
2085,Apple,8/4/2016,105.870003
2086,Apple,8/5/2016,107.480003
2087,Apple,8/8/2016,108.370003
2088,Apple,8/9/2016,108.809998
2089,Apple,8/10/2016,108
2090,Apple,8/11/2016,107.93
2091,Apple,8/12/2016,108.18
2092,Apple,8/15/2016,109.480003
2093,Apple,8/16/2016,109.379997
2094,Apple,8/17/2016,109.220001
2095,Apple,8/18/2016,109.080002
2096,Apple,8/19/2016,109.360001
2097,Apple,8/22/2016,108.510002
2098,Apple,8/23/2016,108.849998
2099,Apple,8/24/2016,108.029999
2100,Apple,8/25/2016,107.57
2101,Apple,8/26/2016,106.940002
2102,Apple,8/29/2016,106.82
2103,Apple,8/30/2016,106
2104,Apple,8/31/2016,106.099998
2105,Apple,9/1/2016,106.730003
2106,Apple,9/2/2016,107.730003
2107,Apple,9/6/2016,107.699997
2108,Apple,9/7/2016,108.360001
2109,Apple,9/8/2016,105.519997
2110,Apple,9/9/2016,103.129997
2111,Apple,9/12/2016,105.440002
2112,Apple,9/13/2016,107.949997
2113,Apple,9/14/2016,111.769997
2114,Apple,9/15/2016,115.57
2115,Apple,9/16/2016,114.919998
2116,Apple,9/19/2016,113.580002
2117,Apple,9/20/2016,113.57
2118,Apple,9/21/2016,113.550003
2119,Apple,9/22/2016,114.620003
2120,Apple,9/23/2016,112.709999
2121,Apple,9/26/2016,112.879997
2122,Apple,9/27/2016,113.089996
2123,Apple,9/28/2016,113.949997
2124,Apple,9/29/2016,112.18
2125,Apple,9/30/2016,113.050003
2126,Apple,10/3/2016,112.519997
2127,Apple,10/4/2016,113
2128,Apple,10/5/2016,113.050003
2129,Apple,10/6/2016,113.889999
2130,Apple,10/7/2016,114.059998
2131,Apple,10/10/2016,116.050003
2132,Apple,10/11/2016,116.300003
2133,Apple,10/12/2016,117.339996
2134,Apple,10/13/2016,116.980003
2135,Apple,10/14/2016,117.629997
2136,Apple,10/17/2016,117.550003
2137,Apple,10/18/2016,117.470001
2138,Apple,10/19/2016,117.120003
2139,Apple,10/20/2016,117.059998
2140,Apple,10/21/2016,116.599998
2141,Apple,10/24/2016,117.650002
2142,Apple,10/25/2016,118.25
2143,Apple,10/26/2016,115.589996
2144,Apple,10/27/2016,114.480003
2145,Apple,10/28/2016,113.720001
2146,Apple,10/31/2016,113.540001
2147,Apple,11/1/2016,111.489998
2148,Apple,11/2/2016,111.589996
2149,Apple,11/3/2016,109.830002
2150,Apple,11/4/2016,108.839996
2151,Apple,11/7/2016,110.410004
2152,Apple,11/8/2016,111.059998
2153,Apple,11/9/2016,110.879997
2154,Apple,11/10/2016,107.790001
2155,Apple,11/11/2016,108.43
2156,Apple,11/14/2016,105.709999
2157,Apple,11/15/2016,107.110001
2158,Apple,11/16/2016,109.989998
2159,Apple,11/17/2016,109.949997
2160,Apple,11/18/2016,110.059998
2161,Apple,11/21/2016,111.730003
2162,Apple,11/22/2016,111.800003
2163,Apple,11/23/2016,111.230003
2164,Apple,11/25/2016,111.790001
2165,Apple,11/28/2016,111.57
2166,Apple,11/29/2016,111.459999
2167,Apple,11/30/2016,110.519997
2168,Apple,12/1/2016,109.489998
2169,Apple,12/2/2016,109.900002
2170,Apple,12/5/2016,109.110001
2171,Apple,12/6/2016,109.949997
2172,Apple,12/7/2016,111.029999
2173,Apple,12/8/2016,112.120003
2174,Apple,12/9/2016,113.949997
2175,Apple,12/12/2016,113.300003
2176,Apple,12/13/2016,115.190002
2177,Apple,12/14/2016,115.190002
2178,Apple,12/15/2016,115.82
2179,Apple,12/16/2016,115.970001
2180,Apple,12/19/2016,116.639999
2181,Apple,12/20/2016,116.949997
2182,Apple,12/21/2016,117.059998
2183,Apple,12/22/2016,116.290001
2184,Apple,12/23/2016,116.519997
2185,Apple,12/27/2016,117.260002
2186,Apple,12/28/2016,116.760002
2187,Apple,12/29/2016,116.730003
2188,Apple,12/30/2016,115.82
2189,Apple,1/3/2017,116.150002
2190,Apple,1/4/2017,116.019997
2191,Apple,1/5/2017,116.610001
2192,Apple,1/6/2017,117.910004
2193,Apple,1/9/2017,118.989998
2194,Apple,1/10/2017,119.110001
2195,Apple,1/11/2017,119.75
2196,Apple,1/12/2017,119.25
2197,Apple,1/13/2017,119.040001
2198,Apple,1/17/2017,120
2199,Apple,1/18/2017,119.989998
2200,Apple,1/19/2017,119.779999
2201,Apple,1/20/2017,120
2202,Apple,1/23/2017,120.080002
2203,Apple,1/24/2017,119.970001
2204,Apple,1/25/2017,121.879997
2205,Apple,1/26/2017,121.940002
2206,Apple,1/27/2017,121.949997
2207,Apple,1/30/2017,121.629997
2208,Apple,1/31/2017,121.349998
2209,Apple,2/1/2017,128.75
2210,Apple,2/2/2017,128.529999
2211,Apple,2/3/2017,129.080002
2212,Apple,2/6/2017,130.289993
2213,Apple,2/7/2017,131.529999
2214,Apple,2/8/2017,132.039993
2215,Apple,2/9/2017,132.419998
2216,Apple,2/10/2017,132.119995
2217,Apple,2/13/2017,133.289993
2218,Apple,2/14/2017,135.020004
2219,Apple,2/15/2017,135.509995
2220,Apple,2/16/2017,135.350006
2221,Apple,2/17/2017,135.720001
2222,Apple,2/21/2017,136.699997
2223,Apple,2/22/2017,137.110001
2224,Apple,2/23/2017,136.529999
2225,Apple,2/24/2017,136.660004
2226,Apple,2/27/2017,136.929993
2227,Apple,2/28/2017,136.990005
2228,Apple,3/1/2017,139.789993
2229,Apple,3/2/2017,138.960007
2230,Apple,3/3/2017,139.779999
2231,Apple,3/6/2017,139.339996
2232,Apple,3/7/2017,139.520004
2233,Apple,3/8/2017,139
2234,Apple,3/9/2017,138.679993
2235,Apple,3/10/2017,139.139999
2236,Apple,3/13/2017,139.199997
2237,Apple,3/14/2017,138.990005
2238,Apple,3/15/2017,140.460007
2239,Apple,3/16/2017,140.690002
2240,Apple,3/17/2017,139.990005
2241,Apple,3/20/2017,141.460007
2242,Apple,3/21/2017,139.839996
2243,Apple,3/22/2017,141.419998
2244,Apple,3/23/2017,140.919998
2245,Apple,3/24/2017,140.639999
2246,Apple,3/27/2017,140.880005
2247,Apple,3/28/2017,143.800003
2248,Apple,3/29/2017,144.119995
2249,Apple,3/30/2017,143.929993
2250,Apple,3/31/2017,143.660004
2251,Apple,4/3/2017,143.699997
2252,Apple,4/4/2017,144.770004
2253,Apple,4/5/2017,144.020004
2254,Apple,4/6/2017,143.660004
2255,Apple,4/7/2017,143.339996
2256,Apple,4/10/2017,143.169998
2257,Apple,4/11/2017,141.630005
2258,Apple,4/12/2017,141.800003
2259,Apple,4/13/2017,141.050003
2260,Apple,4/17/2017,141.830002
2261,Apple,4/18/2017,141.199997
2262,Apple,4/19/2017,140.679993
2263,Apple,4/20/2017,142.440002
2264,Apple,4/21/2017,142.270004
2265,Apple,4/24/2017,143.639999
2266,HP,4/25/2014,31.579999
2267,HP,4/28/2014,32.189998
2268,HP,4/29/2014,32.96
2269,HP,4/30/2014,33.059999
2270,HP,5/1/2014,32.639999
2271,HP,5/2/2014,32.489999
2272,HP,5/5/2014,32.499999
2273,HP,5/6/2014,32.129999
2274,HP,5/7/2014,32.319998
2275,HP,5/8/2014,32.229999
2276,HP,5/9/2014,32.359999
2277,HP,5/12/2014,32.819999
2278,HP,5/13/2014,33.279998
2279,HP,5/14/2014,32.969998
2280,HP,5/15/2014,32.409999
2281,HP,5/16/2014,32.519999
2282,HP,5/19/2014,33.109998
2283,HP,5/20/2014,32.799999
2284,HP,5/21/2014,32.519999
2285,HP,5/22/2014,31.779998
2286,HP,5/23/2014,33.719999
2287,HP,5/27/2014,33.099998
2288,HP,5/28/2014,33.349999
2289,HP,5/29/2014,33.639998
2290,HP,5/30/2014,33.499997
2291,HP,6/2/2014,33.429998
2292,HP,6/3/2014,33.689998
2293,HP,6/4/2014,33.759999
2294,HP,6/5/2014,33.869999
2295,HP,6/6/2014,33.839999
2296,HP,6/9/2014,33.739999
2297,HP,6/10/2014,33.609999
2298,HP,6/11/2014,33.249998
2299,HP,6/12/2014,33.389998
2300,HP,6/13/2014,35.159998
2301,HP,6/16/2014,34.899998
2302,HP,6/17/2014,34.909998
2303,HP,6/18/2014,34.709997
2304,HP,6/19/2014,34.479998
2305,HP,6/20/2014,34.219998
2306,HP,6/23/2014,34.519999
2307,HP,6/24/2014,33.949998
2308,HP,6/25/2014,33.589999
2309,HP,6/26/2014,33.909998
2310,HP,6/27/2014,33.909998
2311,HP,6/30/2014,33.679998
2312,HP,7/1/2014,34.179998
2313,HP,7/2/2014,33.879999
2314,HP,7/3/2014,33.999999
2315,HP,7/7/2014,33.869999
2316,HP,7/8/2014,33.499997
2317,HP,7/9/2014,33.649998
2318,HP,7/10/2014,33.849999
2319,HP,7/11/2014,33.969999
2320,HP,7/14/2014,34.149999
2321,HP,7/15/2014,34.149999
2322,HP,7/16/2014,34.819999
2323,HP,7/17/2014,34.429999
2324,HP,7/18/2014,34.809999
2325,HP,7/21/2014,34.519999
2326,HP,7/22/2014,35.149998
2327,HP,7/23/2014,34.979997
2328,HP,7/24/2014,35.039998
2329,HP,7/25/2014,35.429998
2330,HP,7/28/2014,35.599997
2331,HP,7/29/2014,35.939998
2332,HP,7/30/2014,36.11
2333,HP,7/31/2014,35.609997
2334,HP,8/1/2014,35.189999
2335,HP,8/4/2014,35.329997
2336,HP,8/5/2014,35.069999
2337,HP,8/6/2014,35.039998
2338,HP,8/7/2014,34.819999
2339,HP,8/8/2014,35.169998
2340,HP,8/11/2014,35.199999
2341,HP,8/12/2014,35.119998
2342,HP,8/13/2014,35.3
2343,HP,8/14/2014,35.589996
2344,HP,8/15/2014,35.069999
2345,HP,8/18/2014,35.339997
2346,HP,8/19/2014,35.479999
2347,HP,8/20/2014,35.119998
2348,HP,8/21/2014,36.999997
2349,HP,8/22/2014,36.839999
2350,HP,8/25/2014,37.15
2351,HP,8/26/2014,37.829998
2352,HP,8/27/2014,38.159999
2353,HP,8/28/2014,37.99
2354,HP,8/29/2014,37.999996
2355,HP,9/2/2014,38.049997
2356,HP,9/3/2014,38.069997
2357,HP,9/4/2014,37.659999
2358,HP,9/5/2014,37.579998
2359,HP,9/8/2014,37.279998
2360,HP,9/9/2014,36.789998
2361,HP,9/10/2014,37.029998
2362,HP,9/11/2014,36.759998
2363,HP,9/12/2014,36.559999
2364,HP,9/15/2014,36.249998
2365,HP,9/16/2014,36.259999
2366,HP,9/17/2014,36.669997
2367,HP,9/18/2014,37.009998
2368,HP,9/19/2014,36.789998
2369,HP,9/22/2014,36.469998
2370,HP,9/23/2014,35.79
2371,HP,9/24/2014,35.949998
2372,HP,9/25/2014,35.27
2373,HP,9/26/2014,35.369997
2374,HP,9/29/2014,34.969999
2375,HP,9/30/2014,35.469999
2376,HP,10/1/2014,34.549999
2377,HP,10/2/2014,34.509999
2378,HP,10/3/2014,35.199999
2379,HP,10/6/2014,36.87
2380,HP,10/7/2014,35.219999
2381,HP,10/8/2014,35.919997
2382,HP,10/9/2014,34.319998
2383,HP,10/10/2014,33.499997
2384,HP,10/13/2014,32.69
2385,HP,10/14/2014,32.239999
2386,HP,10/15/2014,32.799999
2387,HP,10/16/2014,33.999999
2388,HP,10/17/2014,34.159999
2389,HP,10/20/2014,33.819998
2390,HP,10/21/2014,34.739998
2391,HP,10/22/2014,34.489998
2392,HP,10/23/2014,34.939999
2393,HP,10/24/2014,34.929999
2394,HP,10/27/2014,35.3
2395,HP,10/28/2014,35.54
2396,HP,10/29/2014,35.379997
2397,HP,10/30/2014,35.319996
2398,HP,10/31/2014,35.879997
2399,HP,11/3/2014,35.859996
2400,HP,11/4/2014,35.899997
2401,HP,11/5/2014,36.179997
2402,HP,11/6/2014,36.149997
2403,HP,11/7/2014,36.38
2404,HP,11/10/2014,36.9
2405,HP,11/11/2014,36.759998
2406,HP,11/12/2014,36.509998
2407,HP,11/13/2014,36.36
2408,HP,11/14/2014,36.92
2409,HP,11/17/2014,37.41
2410,HP,11/18/2014,37.499997
2411,HP,11/19/2014,37.18
2412,HP,11/20/2014,36.929996
2413,HP,11/21/2014,37.259997
2414,HP,11/24/2014,37.499997
2415,HP,11/25/2014,37.629999
2416,HP,11/26/2014,39.159998
2417,HP,11/28/2014,39.06
2418,HP,12/1/2014,38.559997
2419,HP,12/2/2014,38.949998
2420,HP,12/3/2014,39.05
2421,HP,12/4/2014,39.07
2422,HP,12/5/2014,39.549999
2423,HP,12/8/2014,38.459999
2424,HP,12/9/2014,38.199999
2425,HP,12/10/2014,37.359999
2426,HP,12/11/2014,38.469999
2427,HP,12/12/2014,38.009996
2428,HP,12/15/2014,37.609999
2429,HP,12/16/2014,37.319998
2430,HP,12/17/2014,38.649998
2431,HP,12/18/2014,39.819999
2432,HP,12/19/2014,39.899996
2433,HP,12/22/2014,39.799999
2434,HP,12/23/2014,40.359999
2435,HP,12/24/2014,40.539998
2436,HP,12/26/2014,40.699996
2437,HP,12/29/2014,40.709997
2438,HP,12/30/2014,40.719997
2439,HP,12/31/2014,40.13
2440,HP,1/2/2015,40.239998
2441,HP,1/5/2015,39.57
2442,HP,1/6/2015,39.269999
2443,HP,1/7/2015,39.729998
2444,HP,1/8/2015,40.68
2445,HP,1/9/2015,40.67
2446,HP,1/12/2015,39.919997
2447,HP,1/13/2015,39.809999
2448,HP,1/14/2015,39.459998
2449,HP,1/15/2015,38.189999
2450,HP,1/16/2015,38.339997
2451,HP,1/20/2015,38.619998
2452,HP,1/21/2015,38.569997
2453,HP,1/22/2015,40.059999
2454,HP,1/23/2015,40.079999
2455,HP,1/26/2015,38.839997
2456,HP,1/27/2015,37.359999
2457,HP,1/28/2015,37.16
2458,HP,1/29/2015,37.739996
2459,HP,1/30/2015,36.129996
2460,HP,2/2/2015,36.469998
2461,HP,2/3/2015,37.769997
2462,HP,2/4/2015,37.899999
2463,HP,2/5/2015,37.95
2464,HP,2/6/2015,37.95
2465,HP,2/9/2015,37.639999
2466,HP,2/10/2015,37.889999
2467,HP,2/11/2015,38.179999
2468,HP,2/12/2015,38.369998
2469,HP,2/13/2015,38.559997
2470,HP,2/17/2015,38.53
2471,HP,2/18/2015,38.149999
2472,HP,2/19/2015,38.379998
2473,HP,2/20/2015,38.389998
2474,HP,2/23/2015,38.189999
2475,HP,2/24/2015,38.49
2476,HP,2/25/2015,34.669999
2477,HP,2/26/2015,34.009999
2478,HP,2/27/2015,34.839999
2479,HP,3/2/2015,34.919999
2480,HP,3/3/2015,34.569999
2481,HP,3/4/2015,34.189998
2482,HP,3/5/2015,33.999999
2483,HP,3/6/2015,33.179999
2484,HP,3/9/2015,32.949999
2485,HP,3/10/2015,32.669999
2486,HP,3/11/2015,32.609998
2487,HP,3/12/2015,32.719998
2488,HP,3/13/2015,32.429998
2489,HP,3/16/2015,32.379999
2490,HP,3/17/2015,32.429998
2491,HP,3/18/2015,33.029999
2492,HP,3/19/2015,32.839998
2493,HP,3/20/2015,33.279998
2494,HP,3/23/2015,33.449999
2495,HP,3/24/2015,33.309999
2496,HP,3/25/2015,32.199998
2497,HP,3/26/2015,32.009999
2498,HP,3/27/2015,31.489998
2499,HP,3/30/2015,31.569999
2500,HP,3/31/2015,31.159999
2501,HP,4/1/2015,31.289999
2502,HP,4/2/2015,31.399998
2503,HP,4/6/2015,31.829999
2504,HP,4/7/2015,31.419999
2505,HP,4/8/2015,31.519998
2506,HP,4/9/2015,31.549999
2507,HP,4/10/2015,32.109999
2508,HP,4/13/2015,32.699998
2509,HP,4/14/2015,32.519999
2510,HP,4/15/2015,33.039999
2511,HP,4/16/2015,32.809999
2512,HP,4/17/2015,32.529999
2513,HP,4/20/2015,33.409998
2514,HP,4/21/2015,33.209999
2515,HP,4/22/2015,33.509998
2516,HP,4/23/2015,33.379998
2517,HP,4/24/2015,33.259998
2518,HP,4/27/2015,33.069999
2519,HP,4/28/2015,33.239998
2520,HP,4/29/2015,33.319999
2521,HP,4/30/2015,32.969998
2522,HP,5/1/2015,33.799998
2523,HP,5/4/2015,33.649998
2524,HP,5/5/2015,33.159998
2525,HP,5/6/2015,32.499999
2526,HP,5/7/2015,32.819999
2527,HP,5/8/2015,33.409998
2528,HP,5/11/2015,33.699998
2529,HP,5/12/2015,32.919999
2530,HP,5/13/2015,33.299999
2531,HP,5/14/2015,33.699998
2532,HP,5/15/2015,33.599999
2533,HP,5/18/2015,33.249998
2534,HP,5/19/2015,33.399998
2535,HP,5/20/2015,33.069999
2536,HP,5/21/2015,33.829998
2537,HP,5/22/2015,34.759998
2538,HP,5/26/2015,33.379998
2539,HP,5/27/2015,33.779998
2540,HP,5/28/2015,33.649998
2541,HP,5/29/2015,33.399998
2542,HP,6/1/2015,33.759999
2543,HP,6/2/2015,33.879999
2544,HP,6/3/2015,33.959998
2545,HP,6/4/2015,33.299999
2546,HP,6/5/2015,32.919999
2547,HP,6/8/2015,32.69
2548,HP,6/9/2015,32.579998
2549,HP,6/10/2015,32.909999
2550,HP,6/11/2015,32.519999
2551,HP,6/12/2015,32.409999
2552,HP,6/15/2015,31.709999
2553,HP,6/16/2015,31.649998
2554,HP,6/17/2015,32.209998
2555,HP,6/18/2015,32.079998
2556,HP,6/19/2015,31.799998
2557,HP,6/22/2015,31.699999
2558,HP,6/23/2015,31.629998
2559,HP,6/24/2015,31.539998
2560,HP,6/25/2015,31.21
2561,HP,6/26/2015,30.529999
2562,HP,6/29/2015,29.969999
2563,HP,6/30/2015,30.009998
2564,HP,7/1/2015,30.519999
2565,HP,7/2/2015,30.689998
2566,HP,7/6/2015,30.569998
2567,HP,7/7/2015,30.799999
2568,HP,7/8/2015,30.449998
2569,HP,7/9/2015,30.389999
2570,HP,7/10/2015,30.649999
2571,HP,7/13/2015,30.739999
2572,HP,7/14/2015,30.509999
2573,HP,7/15/2015,30.499999
2574,HP,7/16/2015,30.349999
2575,HP,7/17/2015,30.359999
2576,HP,7/20/2015,30.449998
2577,HP,7/21/2015,30.659999
2578,HP,7/22/2015,30.769999
2579,HP,7/23/2015,31.229998
2580,HP,7/24/2015,30.81
2581,HP,7/27/2015,30.249999
2582,HP,7/28/2015,30.27
2583,HP,7/29/2015,30.299998
2584,HP,7/30/2015,30.619999
2585,HP,7/31/2015,30.519999
2586,HP,8/3/2015,30.019998
2587,HP,8/4/2015,29.759998
2588,HP,8/5/2015,30.299998
2589,HP,8/6/2015,30.14
2590,HP,8/7/2015,29.409999
2591,HP,8/10/2015,30.239999
2592,HP,8/11/2015,29.319999
2593,HP,8/12/2015,29.099998
2594,HP,8/13/2015,28.449999
2595,HP,8/14/2015,28.709998
2596,HP,8/17/2015,28.609999
2597,HP,8/18/2015,28.39
2598,HP,8/19/2015,27.739998
2599,HP,8/20/2015,27.349998
2600,HP,8/21/2015,27.469998
2601,HP,8/24/2015,26.599999
2602,HP,8/25/2015,25.69
2603,HP,8/26/2015,27.099998
2604,HP,8/27/2015,27.789999
2605,HP,8/28/2015,28.029998
2606,HP,8/31/2015,28.059999
2607,HP,9/1/2015,27.809999
2608,HP,9/2/2015,27.999998
2609,HP,9/3/2015,28.129998
2610,HP,9/4/2015,26.989999
2611,HP,9/8/2015,27.59
2612,HP,9/9/2015,27.259999
2613,HP,9/10/2015,27.329998
2614,HP,9/11/2015,27.149999
2615,HP,9/14/2015,27.04
2616,HP,9/15/2015,27.109999
2617,HP,9/16/2015,28.469999
2618,HP,9/17/2015,27.569999
2619,HP,9/18/2015,26.539998
2620,HP,9/21/2015,26.439999
2621,HP,9/22/2015,25.649999
2622,HP,9/23/2015,25.489999
2623,HP,9/24/2015,25.259999
2624,HP,9/25/2015,25.009999
2625,HP,9/28/2015,24.569999
2626,HP,9/29/2015,24.649998
2627,HP,9/30/2015,25.609998
2628,HP,10/1/2015,25.349998
2629,HP,10/2/2015,26.069999
2630,HP,10/5/2015,27.18
2631,HP,10/6/2015,27.999998
2632,HP,10/7/2015,28.009998
2633,HP,10/8/2015,29.179999
2634,HP,10/9/2015,29.299999
2635,HP,10/12/2015,29.299999
2636,HP,10/13/2015,29.229998
2637,HP,10/14/2015,29.419999
2638,HP,10/15/2015,28.769999
2639,HP,10/16/2015,28.859999
2640,HP,10/19/2015,28.979998
2641,HP,10/20/2015,28.559998
2642,HP,10/21/2015,28.229999
2643,HP,10/22/2015,28.769999
2644,HP,10/23/2015,29.029999
2645,HP,10/26/2015,28.069999
2646,HP,10/27/2015,27.45
2647,HP,10/28/2015,27.98
2648,HP,10/29/2015,27.369998
2649,HP,10/30/2015,26.959998
2650,HP,11/2/2015,13.83
2651,HP,11/3/2015,14.29
2652,HP,11/4/2015,14.14
2653,HP,11/5/2015,14.05
2654,HP,11/6/2015,14.01
2655,HP,11/9/2015,13.87
2656,HP,11/10/2015,14.12
2657,HP,11/11/2015,13.92
2658,HP,11/12/2015,13.31
2659,HP,11/13/2015,13.11
2660,HP,11/16/2015,13.35
2661,HP,11/17/2015,13.28
2662,HP,11/18/2015,13.64
2663,HP,11/19/2015,13.79
2664,HP,11/20/2015,14.06
2665,HP,11/23/2015,14.23
2666,HP,11/24/2015,14.64
2667,HP,11/25/2015,12.64
2668,HP,11/27/2015,12.61
2669,HP,11/30/2015,12.54
2670,HP,12/1/2015,12.74
2671,HP,12/2/2015,11.95
2672,HP,12/3/2015,12.15
2673,HP,12/4/2015,12.32
2674,HP,12/7/2015,12.15
2675,HP,12/8/2015,12.19
2676,HP,12/9/2015,12.11
2677,HP,12/10/2015,12.36
2678,HP,12/11/2015,12.21
2679,HP,12/14/2015,12.16
2680,HP,12/15/2015,12.21
2681,HP,12/16/2015,12.26
2682,HP,12/17/2015,11.9
2683,HP,12/18/2015,11.51
2684,HP,12/21/2015,11.43
2685,HP,12/22/2015,11.66
2686,HP,12/23/2015,11.75
2687,HP,12/24/2015,11.73
2688,HP,12/28/2015,11.63
2689,HP,12/29/2015,11.86
2690,HP,12/30/2015,11.84
2691,HP,12/31/2015,11.84
2692,HP,1/4/2016,11.6
2693,HP,1/5/2016,11.71
2694,HP,1/6/2016,11.29
2695,HP,1/7/2016,10.77
2696,HP,1/8/2016,10.58
2697,HP,1/11/2016,10.65
2698,HP,1/12/2016,10.82
2699,HP,1/13/2016,10.58
2700,HP,1/14/2016,10.62
2701,HP,1/15/2016,10.11
2702,HP,1/19/2016,9.76
2703,HP,1/20/2016,9.55
2704,HP,1/21/2016,9.94
2705,HP,1/22/2016,9.8
2706,HP,1/25/2016,9.49
2707,HP,1/26/2016,9.64
2708,HP,1/27/2016,9.62
2709,HP,1/28/2016,9.48
2710,HP,1/29/2016,9.71
2711,HP,2/1/2016,9.97
2712,HP,2/2/2016,9.88
2713,HP,2/3/2016,9.65
2714,HP,2/4/2016,9.86
2715,HP,2/5/2016,9.91
2716,HP,2/8/2016,9.37
2717,HP,2/9/2016,9.19
2718,HP,2/10/2016,9.28
2719,HP,2/11/2016,9.02
2720,HP,2/12/2016,9.42
2721,HP,2/16/2016,9.81
2722,HP,2/17/2016,10.08
2723,HP,2/18/2016,10.52
2724,HP,2/19/2016,10.32
2725,HP,2/22/2016,10.68
2726,HP,2/23/2016,10.31
2727,HP,2/24/2016,10.82
2728,HP,2/25/2016,10.34
2729,HP,2/26/2016,10.64
2730,HP,2/29/2016,10.69
2731,HP,3/1/2016,10.93
2732,HP,3/2/2016,10.9
2733,HP,3/3/2016,11.11
2734,HP,3/4/2016,11.18
2735,HP,3/7/2016,11.31
2736,HP,3/8/2016,11.05
2737,HP,3/9/2016,11.36
2738,HP,3/10/2016,11.42
2739,HP,3/11/2016,11.7
2740,HP,3/14/2016,11.47
2741,HP,3/15/2016,11.4
2742,HP,3/16/2016,11.62
2743,HP,3/17/2016,11.72
2744,HP,3/18/2016,12.18
2745,HP,3/21/2016,12.21
2746,HP,3/22/2016,12.26
2747,HP,3/23/2016,12.02
2748,HP,3/24/2016,12.07
2749,HP,3/28/2016,12.07
2750,HP,3/29/2016,12.28
2751,HP,3/30/2016,12.3
2752,HP,3/31/2016,12.32
2753,HP,4/1/2016,12.26
2754,HP,4/4/2016,12.1
2755,HP,4/5/2016,11.95
2756,HP,4/6/2016,12.28
2757,HP,4/7/2016,11.99
2758,HP,4/8/2016,12.06
2759,HP,4/11/2016,12.13
2760,HP,4/12/2016,12.22
2761,HP,4/13/2016,12.64
2762,HP,4/14/2016,12.55
2763,HP,4/15/2016,12.52
2764,HP,4/18/2016,12.67
2765,HP,4/19/2016,12.78
2766,HP,4/20/2016,12.8
2767,HP,4/21/2016,12.59
2768,HP,4/22/2016,12.61
2769,HP,4/25/2016,12.57
2770,HP,4/26/2016,12.73
2771,HP,4/27/2016,12.76
2772,HP,4/28/2016,12.57
2773,HP,4/29/2016,12.27
2774,HP,5/2/2016,12.12
2775,HP,5/3/2016,11.71
2776,HP,5/4/2016,11.59
2777,HP,5/5/2016,11.45
2778,HP,5/6/2016,11.59
2779,HP,5/9/2016,11.43
2780,HP,5/10/2016,11.61
2781,HP,5/11/2016,11.69
2782,HP,5/12/2016,11.56
2783,HP,5/13/2016,11.5
2784,HP,5/16/2016,11.64
2785,HP,5/17/2016,11.53
2786,HP,5/18/2016,11.57
2787,HP,5/19/2016,11.44
2788,HP,5/20/2016,11.66
2789,HP,5/23/2016,11.67
2790,HP,5/24/2016,11.91
2791,HP,5/25/2016,12.2
2792,HP,5/26/2016,13.04
2793,HP,5/27/2016,13.17
2794,HP,5/31/2016,13.38
2795,HP,6/1/2016,13.44
2796,HP,6/2/2016,13.54
2797,HP,6/3/2016,13.44
2798,HP,6/6/2016,13.67
2799,HP,6/7/2016,13.69
2800,HP,6/8/2016,13.87
2801,HP,6/9/2016,13.84
2802,HP,6/10/2016,13.5
2803,HP,6/13/2016,13.03
2804,HP,6/14/2016,13.05
2805,HP,6/15/2016,13
2806,HP,6/16/2016,12.98
2807,HP,6/17/2016,13.12
2808,HP,6/20/2016,13.07
2809,HP,6/21/2016,13.33
2810,HP,6/22/2016,12.61
2811,HP,6/23/2016,12.95
2812,HP,6/24/2016,12.26
2813,HP,6/27/2016,11.55
2814,HP,6/28/2016,11.79
2815,HP,6/29/2016,12.18
2816,HP,6/30/2016,12.55
2817,HP,7/1/2016,12.73
2818,HP,7/5/2016,12.36
2819,HP,7/6/2016,12.6
2820,HP,7/7/2016,12.85
2821,HP,7/8/2016,13.08
2822,HP,7/11/2016,13.16
2823,HP,7/12/2016,13.72
2824,HP,7/13/2016,13.81
2825,HP,7/14/2016,13.8
2826,HP,7/15/2016,13.85
2827,HP,7/18/2016,13.94
2828,HP,7/19/2016,14.05
2829,HP,7/20/2016,14.16
2830,HP,7/21/2016,14
2831,HP,7/22/2016,14.11
2832,HP,7/25/2016,14.16
2833,HP,7/26/2016,14.18
2834,HP,7/27/2016,13.99
2835,HP,7/28/2016,13.94
2836,HP,7/29/2016,14.01
2837,HP,8/1/2016,14.18
2838,HP,8/2/2016,14.06
2839,HP,8/3/2016,14.31
2840,HP,8/4/2016,14.15
2841,HP,8/5/2016,14.28
2842,HP,8/8/2016,14.26
2843,HP,8/9/2016,14.25
2844,HP,8/10/2016,14.19
2845,HP,8/11/2016,14.3
2846,HP,8/12/2016,14.28
2847,HP,8/15/2016,14.52
2848,HP,8/16/2016,14.41
2849,HP,8/17/2016,14.5
2850,HP,8/18/2016,14.51
2851,HP,8/19/2016,14.42
2852,HP,8/22/2016,14.37
2853,HP,8/23/2016,14.57
2854,HP,8/24/2016,14.4
2855,HP,8/25/2016,14.37
2856,HP,8/26/2016,14.39
2857,HP,8/29/2016,14.43
2858,HP,8/30/2016,14.38
2859,HP,8/31/2016,14.37
2860,HP,9/1/2016,14.5
2861,HP,9/2/2016,14.49
2862,HP,9/6/2016,14.63
2863,HP,9/7/2016,14.69
2864,HP,9/8/2016,14.63
2865,HP,9/9/2016,14.07
2866,HP,9/12/2016,14.49
2867,HP,9/13/2016,14.18
2868,HP,9/14/2016,14.27
2869,HP,9/15/2016,14.5
2870,HP,9/16/2016,14.53
2871,HP,9/19/2016,14.56
2872,HP,9/20/2016,14.54
2873,HP,9/21/2016,14.99
2874,HP,9/22/2016,15.12
2875,HP,9/23/2016,15.09
2876,HP,9/26/2016,15.02
2877,HP,9/27/2016,15.34
2878,HP,9/28/2016,15.49
2879,HP,9/29/2016,15.39
2880,HP,9/30/2016,15.53
2881,HP,10/3/2016,15.65
2882,HP,10/4/2016,15.36
2883,HP,10/5/2016,15.63
2884,HP,10/6/2016,15.6
2885,HP,10/7/2016,15.58
2886,HP,10/10/2016,15.59
2887,HP,10/11/2016,15.44
2888,HP,10/12/2016,15.35
2889,HP,10/13/2016,15.15
2890,HP,10/14/2016,14.48
2891,HP,10/17/2016,14.03
2892,HP,10/18/2016,14.21
2893,HP,10/19/2016,14.12
2894,HP,10/20/2016,14.1
2895,HP,10/21/2016,13.8
2896,HP,10/24/2016,13.97
2897,HP,10/25/2016,13.9
2898,HP,10/26/2016,13.91
2899,HP,10/27/2016,13.99
2900,HP,10/28/2016,14.09
2901,HP,10/31/2016,14.49
2902,HP,11/1/2016,14.35
2903,HP,11/2/2016,14.65
2904,HP,11/3/2016,14.54
2905,HP,11/4/2016,14.71
2906,HP,11/7/2016,15.05
2907,HP,11/8/2016,15.28
2908,HP,11/9/2016,15.57
2909,HP,11/10/2016,15.49
2910,HP,11/11/2016,15.82
2911,HP,11/14/2016,16.1
2912,HP,11/15/2016,15.87
2913,HP,11/16/2016,15.8
2914,HP,11/17/2016,15.89
2915,HP,11/18/2016,15.87
2916,HP,11/21/2016,16
2917,HP,11/22/2016,15.95
2918,HP,11/23/2016,14.87
2919,HP,11/25/2016,15.18
2920,HP,11/28/2016,15.08
2921,HP,11/29/2016,15.15
2922,HP,11/30/2016,15.4
2923,HP,12/1/2016,15.06
2924,HP,12/2/2016,15.12
2925,HP,12/5/2016,15.55
2926,HP,12/6/2016,15.6
2927,HP,12/7/2016,16.15
2928,HP,12/8/2016,16.16
2929,HP,12/9/2016,15.78
2930,HP,12/12/2016,15.83
2931,HP,12/13/2016,15.82
2932,HP,12/14/2016,15.61
2933,HP,12/15/2016,15.51
2934,HP,12/16/2016,15.05
2935,HP,12/19/2016,15.12
2936,HP,12/20/2016,15.08
2937,HP,12/21/2016,15.14
2938,HP,12/22/2016,15.14
2939,HP,12/23/2016,15.1
2940,HP,12/27/2016,15.21
2941,HP,12/28/2016,14.94
2942,HP,12/29/2016,14.94
2943,HP,12/30/2016,14.84
2944,HP,1/3/2017,14.85
2945,HP,1/4/2017,15.08
2946,HP,1/5/2017,15.07
2947,HP,1/6/2017,15
2948,HP,1/9/2017,14.68
2949,HP,1/10/2017,14.69
2950,HP,1/11/2017,14.94
2951,HP,1/12/2017,14.79
2952,HP,1/13/2017,14.77
2953,HP,1/17/2017,14.58
2954,HP,1/18/2017,14.58
2955,HP,1/19/2017,14.86
2956,HP,1/20/2017,14.73
2957,HP,1/23/2017,14.67
2958,HP,1/24/2017,15.17
2959,HP,1/25/2017,15.19
2960,HP,1/26/2017,14.79
2961,HP,1/27/2017,14.8
2962,HP,1/30/2017,14.84
2963,HP,1/31/2017,15.05
2964,HP,2/1/2017,14.99
2965,HP,2/2/2017,15.21
2966,HP,2/3/2017,15.27
2967,HP,2/6/2017,15.26
2968,HP,2/7/2017,15.43
2969,HP,2/8/2017,15.51
2970,HP,2/9/2017,15.64
2971,HP,2/10/2017,15.72
2972,HP,2/13/2017,16.040001
2973,HP,2/14/2017,16.059999
2974,HP,2/15/2017,15.98
2975,HP,2/16/2017,15.92
2976,HP,2/17/2017,15.95
2977,HP,2/21/2017,16.129999
2978,HP,2/22/2017,16.200001
2979,HP,2/23/2017,17.6
2980,HP,2/24/2017,17.65
2981,HP,2/27/2017,17.65
2982,HP,2/28/2017,17.370001
2983,HP,3/1/2017,17.620001
2984,HP,3/2/2017,17.32
2985,HP,3/3/2017,17.35
2986,HP,3/6/2017,17.299999
2987,HP,3/7/2017,17.27
2988,HP,3/8/2017,17.32
2989,HP,3/9/2017,17.360001
2990,HP,3/10/2017,17.389999
2991,HP,3/13/2017,17.49
2992,HP,3/14/2017,17.469999
2993,HP,3/15/2017,17.57
2994,HP,3/16/2017,17.65
2995,HP,3/17/2017,17.559999
2996,HP,3/20/2017,17.559999
2997,HP,3/21/2017,17.15
2998,HP,3/22/2017,17.23
2999,HP,3/23/2017,17.209999
3000,HP,3/24/2017,17.23
3001,HP,3/27/2017,17.200001
3002,HP,3/28/2017,17.26
3003,HP,3/29/2017,17.26
3004,HP,3/30/2017,17.65
3005,HP,3/31/2017,17.879999
3006,HP,4/3/2017,17.59
3007,HP,4/4/2017,17.719999
3008,HP,4/5/2017,17.690001
3009,HP,4/6/2017,17.559999
3010,HP,4/7/2017,17.370001
3011,HP,4/10/2017,17.360001
3012,HP,4/11/2017,17.540001
3013,HP,4/12/2017,18.02
3014,HP,4/13/2017,18.200001
3015,HP,4/17/2017,18.200001
3016,HP,4/18/2017,18.219999
3017,HP,4/19/2017,18.379999
3018,HP,4/20/2017,18.52
3019,HP,4/21/2017,18.290001
3020,HP,4/24/2017,18.540001
